761,0;715,0
759,0;796,0
760,0;796,0
812,0;782,0
816,0;797,0
814,0;752,0
811,0;812,0
831,0;675,0
802,0;811,0
789,0;763,0
749,0;732,0
771,0;719,0
723,0;625,0
661,0;562,0
583,0;458,0
538,0;497,0
508,0;477,0
494,0;468,0
486,0;508,0
523,0;512,0
597,0;569,0
669,0;655,0
728,0;723,0
773,0;731,0
790,0;731,0
786,0;751,0
778,0;751,0
815,0;835,0
821,0;835,0
799,0;805,0
810,0;815,0
846,0;796,0
819,0;810,0
795,0;757,0
774,0;726,0
744,0;725,0
715,0;703,0
649,0;608,0
588,0;632,0
541,0;557,0
515,0;486,0
501,0;434,0
502,0;486,0
532,0;541,0
580,0;590,0
630,0;608,0
698,0;701,0
760,0;762,0
787,0;762,0
787,0;760,0
779,0;787,0
823,0;787,0
822,0;787,0
796,0;823,0
807,0;822,0
852,0;822,0
828,0;807,0
811,0;807,0
791,0;760,0
750,0;737,0
721,0;737,0
681,0;668,0
615,0;641,0
556,0;469,0
538,0;463,0
525,0;467,0
524,0;538,0
542,0;556,0
571,0;615,0
621,0;681,0
704,0;694,0
784,0;694,0
836,0;704,0
857,0;784,0
852,0;836,0
831,0;836,0
814,0;836,0
819,0;831,0
868,0;831,0
914,0;831,0
900,0;831,0
880,0;868,0
859,0;857,0
824,0;784,0
759,0;704,0
674,0;691,0
600,0;623,0
558,0;557,0
540,0;542,0
529,0;558,0
528,0;540,0
570,0;540,0
647,0;600,0
729,0;600,0
796,0;759,0
841,0;824,0
859,0;880,0
854,0;841,0
861,0;859,0
909,0;854,0
914,0;861,0
892,0;909,0
894,0;861,0
917,0;909,0
884,0;894,0
864,0;854,0
838,0;854,0
808,0;854,0
767,0;841,0
693,0;691,0
614,0;600,0
569,0;570,0
546,0;570,0
537,0;569,0
536,0;546,0
578,0;546,0
643,0;614,0
715,0;693,0
781,0;767,0
813,0;838,0
821,0;864,0
821,0;909,0
818,0;909,0
863,0;917,0
873,0;917,0
857,0;863,0
863,0;863,0
889,0;863,0
856,0;863,0
840,0;821,0
815,0;821,0
788,0;821,0
748,0;767,0
676,0;693,0
611,0;614,0
562,0;569,0
532,0;546,0
526,0;562,0
535,0;532,0
575,0;562,0
650,0;611,0
731,0;676,0
793,0;748,0
829,0;788,0
836,0;815,0
827,0;815,0
831,0;914,0
872,0;856,0
876,0;863,0
855,0;872,0
858,0;872,0
908,0;872,0
876,0;858,0
864,0;827,0
842,0;827,0
807,0;914,0
781,0;748,0
697,0;676,0
628,0;611,0
578,0;562,0
555,0;562,0
542,0;578,0
545,0;555,0
582,0;578,0
658,0;611,0
735,0;748,0
796,0;829,0
837,0;836,0
842,0;842,0
832,0;842,0
824,0;831,0
861,0;858,0
863,0;858,0
836,0;861,0
843,0;861,0
888,0;908,0
860,0;917,0
838,0;894,0
811,0;909,0
776,0;859,0
746,0;841,0
676,0;693,0
588,0;623,0
538,0;558,0
508,0;542,0
502,0;542,0
507,0;508,0
541,0;538,0
607,0;693,0
673,0;735,0
733,0;796,0
770,0;837,0
778,0;831,0
764,0;914,0
756,0;830,0
807,0;836,0
795,0;844,0
775,0;807,0
784,0;807,0
821,0;807,0
787,0;807,0
761,0;784,0
735,0;787,0
703,0;761,0
656,0;740,0
583,0;701,0
521,0;643,0
479,0;568,0
451,0;568,0
428,0;494,0
426,0;451,0
445,0;428,0
484,0;643,0
534,0;722,0
600,0;656,0
635,0;735,0
663,0;600,0
694,0;635,0
706,0;663,0
758,0;754,0
755,0;754,0
734,0;758,0
743,0;755,0
804,0;758,0
774,0;743,0
749,0;743,0
722,0;706,0
684,0;749,0
652,0;743,0
605,0;643,0
542,0;445,0
494,0;482,0
468,0;463,0
450,0;443,0
452,0;468,0
465,0;450,0
496,0;542,0
543,0;661,0
628,0;652,0
708,0;652,0
764,0;628,0
763,0;708,0
750,0;722,0
727,0;773,0
710,0;806,0
719,0;727,0
769,0;710,0
831,0;727,0
810,0;769,0
792,0;769,0
764,0;751,0
718,0;709,0
661,0;730,0
579,0;555,0
515,0;504,0
480,0;459,0
458,0;459,0
445,0;485,0
452,0;458,0
486,0;445,0
567,0;592,0
651,0;637,0
732,0;699,0
767,0;697,0
784,0;759,0
771,0;769,0
776,0;759,0
814,0;762,0
814,0;721,0
795,0;732,0
797,0;758,0
826,0;834,0
794,0;825,0
778,0;796,0
740,0;766,0
710,0;757,0
681,0;649,0
610,0;570,0
547,0;505,0
500,0;464,0
479,0;453,0
475,0;447,0
471,0;465,0
506,0;492,0
580,0;568,0
647,0;635,0
711,0;674,0
753,0;738,0
767,0;814,0
772,0;788,0
772,0;788,0
816,0;779,0
818,0;749,0
804,0;816,0
792,0;796,0
816,0;827,0
788,0;810,0
774,0;791,0
752,0;773,0
719,0;694,0
683,0;695,0
615,0;634,0
557,0;517,0
520,0;498,0
498,0;444,0
484,0;444,0
488,0;498,0
523,0;486,0
587,0;554,0
658,0;665,0
718,0;735,0
753,0;773,0
768,0;737,0
775,0;737,0
777,0;776,0
828,0;810,0
831,0;794,0
816,0;828,0
814,0;788,0
838,0;805,0
806,0;784,0
788,0;800,0
765,0;724,0
733,0;688,0
694,0;660,0
624,0;639,0
554,0;587,0
515,0;523,0
494,0;523,0
483,0;476,0
485,0;494,0
530,0;515,0
589,0;584,0
657,0;645,0
746,0;733,0
760,0;765,0
779,0;788,0
778,0;775,0
774,0;766,0
827,0;838,0
828,0;816,0
814,0;796,0
807,0;806,0
839,0;827,0
807,0;807,0
792,0;778,0
763,0;778,0
736,0;753,0
706,0;694,0
640,0;567,0
561,0;501,0
515,0;530,0
494,0;498,0
481,0;486,0
482,0;494,0
524,0;551,0
594,0;540,0
665,0;656,0
727,0;736,0
753,0;763,0
770,0;778,0
758,0;778,0
740,0;775,0
779,0;839,0
780,0;839,0
762,0;779,0
758,0;832,0
802,0;780,0
781,0;758,0
756,0;758,0
737,0;753,0
705,0;759,0
671,0;706,0
613,0;626,0
549,0;561,0
512,0;524,0
489,0;468,0
470,0;481,0
479,0;489,0
505,0;512,0
543,0;609,0
593,0;657,0
665,0;705,0
717,0;778,0
743,0;778,0
740,0;717,0
727,0;748,0
765,0;829,0
757,0;829,0
737,0;765,0
732,0;765,0
788,0;757,0
769,0;737,0
748,0;740,0
719,0;727,0
684,0;694,0
649,0;687,0
612,0;626,0
553,0;567,0
510,0;512,0
484,0;462,0
461,0;472,0
458,0;484,0
478,0;524,0
501,0;511,0
553,0;557,0
644,0;726,0
708,0;755,0
754,0;765,0
759,0;765,0
744,0;743,0
732,0;823,0
708,0;823,0
710,0;759,0
748,0;754,0
826,0;732,0
810,0;732,0
791,0;748,0
764,0;744,0
737,0;453,0
664,0;730,0
584,0;615,0
528,0;583,0
486,0;512,0
468,0;411,0
457,0;495,0
463,0;411,0
500,0;486,0
575,0;575,0
653,0;670,0
724,0;729,0
759,0;749,0
763,0;724,0
757,0;735,0
747,0;756,0
779,0;769,0
775,0;774,0
756,0;750,0
753,0;771,0
806,0;675,0
784,0;796,0
768,0;784,0
745,0;743,0
715,0;690,0
690,0;665,0
620,0;542,0
550,0;575,0
509,0;500,0
486,0;428,0
476,0;461,0
481,0;461,0
511,0;509,0
592,0;623,0
661,0;692,0
716,0;750,0
762,0;759,0
773,0;768,0
768,0;755,0
763,0;720,0
800,0;775,0
802,0;757,0
783,0;781,0
773,0;720,0
821,0;788,0
799,0;797,0
784,0;784,0
765,0;729,0
733,0;630,0
702,0;709,0
635,0;628,0
560,0;535,0
518,0;509,0
499,0;521,0
484,0;486,0
490,0;486,0
530,0;475,0
600,0;615,0
673,0;687,0
740,0;703,0
770,0;760,0
783,0;781,0
782,0;755,0
778,0;735,0
822,0;794,0
823,0;794,0
803,0;813,0
787,0;780,0
829,0;805,0
800,0;806,0
787,0;804,0
767,0;758,0
740,0;738,0
698,0;700,0
630,0;631,0
563,0;554,0
516,0;475,0
491,0;475,0
478,0;469,0
482,0;457,0
524,0;523,0
598,0;639,0
665,0;655,0
731,0;740,0
761,0;744,0
770,0;766,0
761,0;776,0
755,0;806,0
814,0;776,0
811,0;814,0
781,0;799,0
769,0;755,0
826,0;857,0
807,0;780,0
789,0;770,0
768,0;760,0
734,0;719,0
704,0;633,0
629,0;572,0
560,0;505,0
518,0;524,0
496,0;515,0
483,0;484,0
487,0;475,0
532,0;491,0
605,0;562,0
679,0;643,0
747,0;693,0
777,0;760,0
777,0;767,0
770,0;747,0
747,0;747,0
781,0;815,0
776,0;846,0
756,0;766,0
740,0;765,0
810,0;857,0
792,0;807,0
782,0;792,0
756,0;777,0
726,0;743,0
701,0;706,0
640,0;608,0
576,0;580,0
530,0;557,0
505,0;518,0
486,0;489,0
491,0;505,0
522,0;557,0
568,0;580,0
613,0;491,0
688,0;601,0
749,0;762,0
767,0;784,0
765,0;768,0
754,0;793,0
789,0;769,0
778,0;779,0
764,0;776,0
758,0;769,0
813,0;828,0
803,0;781,0
779,0;767,0
749,0;774,0
713,0;743,0
683,0;683,0
646,0;633,0
585,0;517,0
529,0;469,0
503,0;449,0
488,0;440,0
491,0;503,0
509,0;529,0
540,0;517,0
592,0;621,0
676,0;694,0
764,0;728,0
800,0;790,0
789,0;790,0
779,0;757,0
766,0;788,0
756,0;788,0
761,0;740,0
792,0;793,0
868,0;828,0
862,0;800,0
833,0;797,0
811,0;790,0
760,0;740,0
683,0;671,0
598,0;671,0
528,0;517,0
490,0;543,0
473,0;498,0
479,0;498,0
480,0;473,0
523,0;517,0
617,0;543,0
709,0;615,0
758,0;724,0
784,0;758,0
786,0;804,0
775,0;798,0
758,0;763,0
786,0;738,0
787,0;738,0
766,0;767,0
755,0;732,0
816,0;693,0
809,0;830,0
798,0;786,0
776,0;798,0
739,0;717,0
701,0;700,0
629,0;557,0
565,0;543,0
521,0;473,0
499,0;480,0
492,0;480,0
493,0;480,0
537,0;523,0
626,0;528,0
696,0;623,0
748,0;727,0
777,0;784,0
772,0;766,0
769,0;766,0
763,0;742,0
789,0;752,0
791,0;761,0
774,0;783,0
758,0;767,0
819,0;828,0
801,0;818,0
776,0;799,0
755,0;763,0
720,0;717,0
683,0;700,0
601,0;621,0
531,0;543,0
483,0;560,0
460,0;492,0
462,0;492,0
463,0;492,0
497,0;490,0
578,0;615,0
647,0;687,0
700,0;739,0
729,0;772,0
734,0;752,0
721,0;777,0
722,0;752,0
774,0;764,0
777,0;769,0
750,0;781,0
741,0;754,0
792,0;754,0
776,0;764,0
757,0;764,0
734,0;794,0
693,0;686,0
655,0;706,0
582,0;595,0
519,0;540,0
473,0;446,0
448,0;444,0
440,0;444,0
449,0;448,0
485,0;473,0
571,0;582,0
644,0;643,0
697,0;693,0
721,0;734,0
727,0;730,0
715,0;730,0
709,0;689,0
758,0;777,0
753,0;763,0
731,0;759,0
711,0;756,0
775,0;806,0
764,0;759,0
748,0;762,0
721,0;739,0
693,0;722,0
648,0;650,0
566,0;592,0
451,0;477,0
428,0;457,0
421,0;457,0
424,0;428,0
468,0;451,0
549,0;566,0
615,0;677,0
663,0;669,0
680,0;721,0
681,0;726,0
673,0;633,0
655,0;759,0
696,0;731,0
691,0;783,0
677,0;751,0
664,0;732,0
725,0;753,0
716,0;758,0
688,0;711,0
658,0;778,0
625,0;696,0
590,0;639,0
524,0;611,0
422,0;433,0
400,0;414,0
389,0;414,0
388,0;400,0
412,0;497,0
454,0;557,0
519,0;656,0
585,0;665,0
647,0;685,0
664,0;746,0
647,0;654,0
641,0;640,0
677,0;721,0
663,0;709,0
642,0;677,0
620,0;683,0
688,0;677,0
700,0;677,0
668,0;664,0
640,0;671,0
598,0;622,0
563,0;646,0
505,0;598,0
404,0;399,0
377,0;365,0
369,0;365,0
367,0;365,0
375,0;404,0
411,0;425,0
459,0;616,0
558,0;563,0
625,0;635,0
662,0;684,0
652,0;681,0
639,0;669,0
616,0;708,0
598,0;745,0
612,0;667,0
641,0;689,0
715,0;642,0
727,0;736,0
702,0;662,0
669,0;669,0
625,0;595,0
548,0;563,0
463,0;512,0
366,0;389,0
345,0;402,0
344,0;372,0
347,0;393,0
392,0;421,0
485,0;403,0
559,0;452,0
612,0;548,0
632,0;591,0
623,0;710,0
626,0;616,0
634,0;685,0
673,0;652,0
679,0;678,0
672,0;654,0
659,0;654,0
698,0;663,0
692,0;692,0
674,0;703,0
649,0;619,0
611,0;593,0
560,0;530,0
487,0;456,0
427,0;364,0
392,0;402,0
373,0;366,0
368,0;341,0
387,0;341,0
435,0;421,0
519,0;483,0
594,0;571,0
635,0;637,0
662,0;629,0
664,0;641,0
669,0;610,0
671,0;654,0
715,0;666,0
721,0;664,0
702,0;650,0
697,0;651,0
731,0;716,0
722,0;700,0
705,0;703,0
679,0;692,0
649,0;572,0
601,0;576,0
533,0;479,0
467,0;433,0
427,0;415,0
408,0;400,0
398,0;408,0
403,0;393,0
444,0;433,0
526,0;497,0
596,0;571,0
644,0;626,0
668,0;645,0
665,0;636,0
670,0;596,0
668,0;672,0
713,0;682,0
715,0;726,0
704,0;725,0
699,0;725,0
738,0;732,0
727,0;732,0
710,0;686,0
693,0;664,0
656,0;665,0
612,0;620,0
534,0;519,0
483,0;418,0
434,0;445,0
411,0;410,0
404,0;376,0
419,0;380,0
456,0;430,0
536,0;515,0
608,0;627,0
674,0;627,0
696,0;663,0
700,0;674,0
689,0;696,0
688,0;700,0
740,0;731,0
747,0;683,0
727,0;693,0
729,0;689,0
762,0;712,0
755,0;712,0
730,0;729,0
703,0;692,0
666,0;608,0
626,0;627,0
553,0;478,0
478,0;469,0
440,0;430,0
416,0;400,0
405,0;391,0
413,0;418,0
456,0;477,0
541,0;506,0
604,0;616,0
651,0;641,0
673,0;667,0
676,0;667,0
675,0;668,0
660,0;676,0
702,0;737,0
711,0;737,0
695,0;716,0
688,0;716,0
723,0;777,0
719,0;718,0
692,0;691,0
670,0;731,0
642,0;667,0
606,0;658,0
547,0;524,0
495,0;460,0
447,0;435,0
421,0;441,0
410,0;368,0
412,0;421,0
450,0;456,0
479,0;506,0
535,0;628,0
609,0;665,0
654,0;671,0
670,0;641,0
666,0;641,0
656,0;641,0
692,0;727,0
686,0;727,0
659,0;692,0
653,0;689,0
710,0;703,0
725,0;703,0
708,0;712,0
664,0;685,0
625,0;681,0
591,0;618,0
542,0;547,0
495,0;448,0
446,0;435,0
421,0;422,0
407,0;410,0
413,0;421,0
423,0;443,0
446,0;446,0
495,0;525,0
575,0;620,0
654,0;667,0
702,0;707,0
713,0;649,0
710,0;700,0
700,0;679,0
687,0;664,0
683,0;706,0
704,0;677,0
758,0;633,0
765,0;651,0
750,0;710,0
714,0;654,0
669,0;653,0
609,0;523,0
523,0;561,0
461,0;486,0
422,0;465,0
405,0;425,0
396,0;403,0
397,0;405,0
449,0;414,0
532,0;530,0
609,0;558,0
675,0;609,0
696,0;605,0
696,0;673,0
694,0;673,0
693,0;689,0
733,0;641,0
741,0;640,0
723,0;640,0
711,0;640,0
749,0;737,0
754,0;726,0
737,0;696,0
711,0;676,0
671,0;651,0
630,0;604,0
560,0;463,0
499,0;403,0
456,0;449,0
434,0;441,0
428,0;403,0
438,0;434,0
481,0;443,0
560,0;549,0
627,0;599,0
674,0;648,0
696,0;681,0
686,0;688,0
665,0;696,0
649,0;696,0
691,0;711,0
698,0;711,0
683,0;715,0
665,0;729,0
736,0;729,0
766,0;739,0
742,0;723,0
715,0;663,0
677,0;665,0
641,0;628,0
574,0;557,0
512,0;475,0
473,0;454,0
452,0;445,0
437,0;429,0
442,0;429,0
491,0;481,0
569,0;517,0
637,0;576,0
686,0;639,0
700,0;680,0
693,0;727,0
678,0;685,0
668,0;665,0
700,0;708,0
692,0;689,0
673,0;700,0
662,0;585,0
727,0;745,0
763,0;774,0
745,0;724,0
718,0;720,0
683,0;652,0
642,0;652,0
569,0;556,0
508,0;533,0
463,0;476,0
442,0;466,0
431,0;409,0
441,0;430,0
483,0;505,0
555,0;486,0
614,0;654,0
673,0;708,0
690,0;652,0
676,0;693,0
661,0;667,0
650,0;639,0
689,0;703,0
681,0;736,0
659,0;654,0
651,0;590,0
715,0;658,0
751,0;719,0
732,0;721,0
705,0;731,0
669,0;678,0
633,0;679,0
564,0;572,0
495,0;508,0
456,0;482,0
434,0;412,0
418,0;409,0
434,0;409,0
480,0;483,0
557,0;501,0
619,0;573,0
672,0;696,0
689,0;661,0
673,0;687,0
655,0;667,0
636,0;628,0
669,0;667,0
663,0;639,0
645,0;664,0
634,0;626,0
698,0;759,0
732,0;745,0
703,0;697,0
676,0;678,0
642,0;662,0
604,0;646,0
542,0;571,0
487,0;506,0
449,0;438,0
427,0;423,0
416,0;426,0
416,0;423,0
443,0;489,0
488,0;549,0
563,0;562,0
642,0;625,0
682,0;696,0
702,0;665,0
723,0;604,0
731,0;642,0
768,0;667,0
755,0;685,0
724,0;652,0
711,0;638,0
739,0;678,0
744,0;711,0
711,0;674,0
676,0;663,0
641,0;697,0
601,0;653,0
557,0;538,0
508,0;499,0
458,0;410,0
425,0;399,0
418,0;401,0
419,0;423,0
441,0;410,0
459,0;498,0
504,0;614,0
596,0;669,0
677,0;660,0
711,0;696,0
718,0;704,0
716,0;684,0
709,0;717,0
684,0;712,0
683,0;655,0
691,0;682,0
744,0;717,0
773,0;723,0
754,0;686,0
718,0;745,0
676,0;691,0
608,0;538,0
529,0;561,0
463,0;503,0
437,0;437,0
415,0;407,0
409,0;407,0
412,0;415,0
456,0;395,0
535,0;495,0
611,0;598,0
676,0;586,0
699,0;673,0
696,0;676,0
677,0;665,0
655,0;692,0
686,0;684,0
686,0;692,0
668,0;692,0
653,0;692,0
702,0;719,0
740,0;755,0
723,0;762,0
700,0;676,0
662,0;681,0
622,0;650,0
558,0;543,0
498,0;499,0
458,0;452,0
434,0;433,0
431,0;441,0
438,0;434,0
481,0;443,0
558,0;542,0
627,0;627,0
672,0;674,0
688,0;689,0
676,0;686,0
674,0;683,0
663,0;656,0
703,0;642,0
707,0;729,0
690,0;663,0
677,0;660,0
718,0;767,0
747,0;749,0
728,0;727,0
707,0;663,0
670,0;663,0
626,0;574,0
552,0;544,0
499,0;504,0
453,0;445,0
434,0;435,0
426,0;435,0
436,0;434,0
479,0;472,0
553,0;530,0
616,0;635,0
665,0;673,0
676,0;715,0
664,0;727,0
648,0;688,0
637,0;700,0
686,0;692,0
686,0;679,0
681,0;735,0
645,0;735,0
692,0;657,0
745,0;763,0
731,0;788,0
704,0;676,0
664,0;693,0
616,0;606,0
550,0;560,0
494,0;509,0
444,0;444,0
435,0;437,0
423,0;411,0
433,0;430,0
472,0;448,0
537,0;522,0
600,0;626,0
648,0;650,0
650,0;698,0
631,0;664,0
631,0;667,0
629,0;628,0
676,0;645,0
672,0;645,0
656,0;676,0
638,0;592,0
690,0;695,0
738,0;762,0
716,0;702,0
690,0;686,0
655,0;660,0
604,0;627,0
536,0;553,0
474,0;497,0
425,0;451,0
413,0;414,0
405,0;414,0
411,0;416,0
448,0;472,0
516,0;553,0
575,0;506,0
626,0;669,0
643,0;641,0
632,0;654,0
634,0;608,0
628,0;632,0
682,0;641,0
691,0;641,0
679,0;641,0
665,0;627,0
701,0;683,0
707,0;724,0
689,0;682,0
657,0;730,0
625,0;700,0
589,0;600,0
538,0;535,0
480,0;448,0
446,0;456,0
425,0;399,0
412,0;402,0
413,0;381,0
443,0;424,0
471,0;518,0
532,0;519,0
597,0;511,0
649,0;648,0
679,0;642,0
680,0;638,0
673,0;645,0
712,0;693,0
706,0;693,0
679,0;693,0
649,0;662,0
681,0;696,0
718,0;714,0
696,0;654,0
660,0;683,0
614,0;616,0
578,0;617,0
536,0;567,0
469,0;487,0
426,0;454,0
401,0;392,0
390,0;402,0
397,0;360,0
415,0;433,0
440,0;463,0
504,0;612,0
589,0;631,0
659,0;632,0
688,0;659,0
678,0;679,0
673,0;672,0
652,0;712,0
629,0;712,0
628,0;656,0
630,0;680,0
690,0;688,0
752,0;722,0
729,0;741,0
696,0;723,0
653,0;589,0
568,0;570,0
498,0;513,0
434,0;495,0
395,0;424,0
386,0;399,0
373,0;403,0
382,0;391,0
434,0;444,0
494,0;511,0
566,0;594,0
624,0;649,0
640,0;696,0
630,0;688,0
618,0;664,0
605,0;651,0
640,0;651,0
623,0;651,0
636,0;651,0
608,0;641,0
633,0;661,0
669,0;725,0
648,0;731,0
622,0;651,0
588,0;674,0
539,0;538,0
473,0;513,0
422,0;467,0
378,0;419,0
365,0;413,0
359,0;355,0
369,0;428,0
419,0;481,0
473,0;502,0
536,0;579,0
585,0;580,0
594,0;639,0
583,0;631,0
557,0;665,0
555,0;653,0
596,0;674,0
588,0;653,0
564,0;628,0
554,0;605,0
607,0;612,0
660,0;665,0
631,0;675,0
609,0;576,0
559,0;561,0
520,0;556,0
475,0;499,0
428,0;398,0
394,0;381,0
367,0;385,0
358,0;375,0
357,0;370,0
377,0;423,0
395,0;495,0
433,0;541,0
507,0;533,0
558,0;604,0
583,0;653,0
589,0;563,0
582,0;584,0
623,0;633,0
619,0;633,0
601,0;577,0
575,0;559,0
597,0;632,0
647,0;651,0
631,0;689,0
607,0;605,0
576,0;603,0
528,0;537,0
470,0;496,0
403,0;441,0
372,0;403,0
355,0;374,0
351,0;368,0
361,0;355,0
412,0;408,0
482,0;431,0
568,0;512,0
618,0;617,0
640,0;517,0
628,0;584,0
610,0;620,0
597,0;595,0
636,0;625,0
629,0;600,0
606,0;610,0
585,0;597,0
624,0;679,0
696,0;671,0
683,0;650,0
658,0;590,0
619,0;597,0
566,0;552,0
498,0;496,0
441,0;433,0
401,0;381,0
383,0;381,0
375,0;401,0
384,0;383,0
431,0;406,0
492,0;441,0
568,0;579,0
599,0;632,0
611,0;616,0
602,0;602,0
591,0;644,0
573,0;564,0
607,0;664,0
602,0;620,0
589,0;556,0
574,0;556,0
608,0;645,0
686,0;678,0
673,0;626,0
634,0;642,0
598,0;662,0
554,0;543,0
486,0;504,0
427,0;457,0
397,0;414,0
382,0;400,0
377,0;397,0
381,0;382,0
416,0;413,0
439,0;471,0
520,0;555,0
591,0;583,0
612,0;608,0
614,0;633,0
596,0;617,0
586,0;557,0
626,0;622,0
606,0;604,0
587,0;579,0
579,0;592,0
619,0;541,0
685,0;667,0
653,0;666,0
621,0;637,0
570,0;574,0
523,0;493,0
478,0;448,0
430,0;415,0
388,0;368,0
374,0;361,0
358,0;361,0
360,0;374,0
374,0;409,0
387,0;501,0
441,0;526,0
511,0;569,0
578,0;612,0
610,0;612,0
620,0;619,0
624,0;605,0
621,0;606,0
603,0;400,0
620,0;586,0
642,0;603,0
681,0;612,0
703,0;722,0
690,0;604,0
658,0;609,0
607,0;649,0
527,0;527,0
453,0;514,0
401,0;387,0
368,0;393,0
355,0;358,0
352,0;358,0
364,0;355,0
411,0;404,0
470,0;475,0
554,0;505,0
603,0;452,0
620,0;579,0
614,0;621,0
608,0;632,0
609,0;620,0
643,0;553,0
640,0;596,0
618,0;605,0
581,0;652,0
605,0;647,0
681,0;703,0
673,0;612,0
642,0;627,0
599,0;607,0
553,0;557,0
477,0;471,0
430,0;433,0
392,0;369,0
373,0;376,0
367,0;376,0
379,0;376,0
419,0;414,0
482,0;477,0
564,0;550,0
622,0;599,0
645,0;644,0
651,0;657,0
651,0;620,0
650,0;570,0
680,0;657,0
689,0;629,0
679,0;625,0
659,0;625,0
673,0;598,0
707,0;680,0
691,0;680,0
665,0;620,0
629,0;624,0
588,0;512,0
519,0;479,0
469,0;426,0
417,0;379,0
396,0;348,0
390,0;348,0
398,0;396,0
438,0;423,0
508,0;496,0
581,0;569,0
636,0;599,0
656,0;669,0
661,0;669,0
650,0;624,0
648,0;626,0
682,0;626,0
680,0;669,0
669,0;668,0
657,0;668,0
675,0;665,0
700,0;733,0
687,0;690,0
658,0;649,0
620,0;635,0
583,0;612,0
522,0;503,0
464,0;443,0
422,0;409,0
397,0;398,0
390,0;398,0
395,0;400,0
439,0;444,0
501,0;522,0
568,0;600,0
613,0;614,0
625,0;684,0
617,0;651,0
617,0;684,0
607,0;684,0
649,0;624,0
656,0;694,0
642,0;663,0
628,0;653,0
660,0;642,0
705,0;664,0
695,0;664,0
675,0;628,0
632,0;599,0
588,0;537,0
518,0;515,0
449,0;416,0
413,0;382,0
390,0;390,0
379,0;390,0
382,0;377,0
429,0;426,0
488,0;518,0
565,0;537,0
629,0;588,0
651,0;665,0
642,0;651,0
642,0;594,0
628,0;642,0
670,0;671,0
672,0;631,0
648,0;631,0
627,0;614,0
655,0;672,0
694,0;714,0
674,0;635,0
644,0;678,0
609,0;644,0
568,0;593,0
504,0;519,0
456,0;440,0
421,0;404,0
394,0;389,0
385,0;367,0
386,0;394,0
416,0;423,0
437,0;511,0
502,0;545,0
577,0;592,0
623,0;636,0
650,0;579,0
657,0;579,0
649,0;650,0
698,0;592,0
689,0;592,0
661,0;661,0
638,0;622,0
653,0;661,0
686,0;700,0
670,0;653,0
642,0;637,0
600,0;619,0
561,0;574,0
512,0;469,0
462,0;452,0
412,0;409,0
385,0;417,0
374,0;381,0
385,0;385,0
398,0;394,0
411,0;437,0
480,0;473,0
567,0;557,0
630,0;599,0
659,0;631,0
664,0;685,0
671,0;685,0
661,0;702,0
646,0;649,0
644,0;648,0
643,0;642,0
676,0;644,0
742,0;677,0
732,0;693,0
701,0;675,0
647,0;649,0
570,0;583,0
477,0;526,0
411,0;416,0
379,0;388,0
364,0;405,0
355,0;392,0
368,0;364,0
419,0;403,0
480,0;493,0
573,0;452,0
628,0;530,0
646,0;605,0
642,0;666,0
646,0;628,0
640,0;642,0
670,0;674,0
664,0;651,0
647,0;650,0
622,0;628,0
646,0;648,0
711,0;737,0
688,0;680,0
664,0;681,0
626,0;635,0
577,0;570,0
506,0;478,0
450,0;449,0
407,0;395,0
389,0;347,0
385,0;345,0
387,0;347,0
437,0;412,0
491,0;511,0
567,0;587,0
614,0;618,0
619,0;641,0
611,0;657,0
606,0;657,0
602,0;622,0
636,0;673,0
632,0;645,0
616,0;662,0
597,0;604,0
618,0;617,0
692,0;692,0
692,0;673,0
667,0;670,0
628,0;602,0
579,0;570,0
513,0;437,0
453,0;464,0
403,0;446,0
394,0;374,0
391,0;367,0
391,0;394,0
438,0;430,0
498,0;473,0
573,0;563,0
613,0;590,0
622,0;597,0
611,0;597,0
588,0;644,0
577,0;644,0
625,0;673,0
621,0;633,0
607,0;633,0
586,0;581,0
611,0;608,0
685,0;671,0
695,0;729,0
665,0;636,0
624,0;622,0
571,0;545,0
505,0;514,0
456,0;415,0
409,0;413,0
388,0;374,0
382,0;374,0
393,0;374,0
432,0;428,0
488,0;495,0
552,0;545,0
590,0;614,0
605,0;644,0
585,0;642,0
572,0;586,0
569,0;596,0
614,0;679,0
615,0;618,0
596,0;620,0
577,0;583,0
598,0;633,0
683,0;703,0
693,0;660,0
659,0;694,0
624,0;604,0
577,0;552,0
509,0;499,0
451,0;398,0
410,0;401,0
399,0;383,0
384,0;383,0
394,0;383,0
438,0;446,0
505,0;511,0
574,0;519,0
609,0;561,0
618,0;607,0
603,0;611,0
585,0;582,0
572,0;608,0
609,0;620,0
609,0;639,0
590,0;596,0
576,0;583,0
592,0;592,0
677,0;712,0
677,0;703,0
636,0;694,0
591,0;619,0
539,0;594,0
483,0;486,0
433,0;450,0
396,0;403,0
373,0;403,0
371,0;362,0
376,0;373,0
410,0;401,0
438,0;483,0
518,0;556,0
584,0;577,0
600,0;614,0
592,0;574,0
590,0;570,0
585,0;600,0
626,0;652,0
614,0;588,0
596,0;590,0
578,0;429,0
612,0;594,0
670,0;639,0
655,0;697,0
615,0;652,0
561,0;551,0
515,0;506,0
476,0;495,0
429,0;448,0
396,0;403,0
373,0;380,0
360,0;380,0
366,0;373,0
386,0;435,0
397,0;437,0
480,0;497,0
566,0;596,0
617,0;605,0
629,0;595,0
620,0;571,0
608,0;573,0
592,0;612,0
571,0;612,0
578,0;620,0
592,0;573,0
617,0;604,0
701,0;668,0
710,0;641,0
677,0;639,0
619,0;607,0
538,0;527,0
462,0;453,0
405,0;416,0
376,0;377,0
360,0;370,0
352,0;366,0
362,0;360,0
406,0;381,0
458,0;396,0
535,0;475,0
567,0;492,0
570,0;634,0
554,0;608,0
552,0;609,0
545,0;616,0
580,0;600,0
584,0;580,0
563,0;570,0
543,0;555,0
560,0;612,0
648,0;712,0
661,0;664,0
624,0;664,0
573,0;608,0
519,0;531,0
453,0;409,0
407,0;372,0
376,0;356,0
363,0;345,0
353,0;345,0
359,0;363,0
407,0;376,0
459,0;410,0
535,0;483,0
566,0;530,0
574,0;539,0
562,0;667,0
551,0;587,0
542,0;545,0
586,0;615,0
586,0;584,0
573,0;562,0
553,0;547,0
556,0;582,0
649,0;665,0
666,0;665,0
630,0;631,0
586,0;535,0
527,0;537,0
462,0;471,0
419,0;435,0
387,0;388,0
373,0;389,0
368,0;357,0
376,0;373,0
420,0;403,0
472,0;483,0
539,0;527,0
580,0;580,0
583,0;616,0
583,0;602,0
569,0;561,0
562,0;581,0
605,0;594,0
605,0;592,0
596,0;565,0
566,0;530,0
576,0;589,0
665,0;635,0
673,0;676,0
636,0;691,0
584,0;583,0
528,0;556,0
472,0;466,0
410,0;435,0
386,0;383,0
375,0;351,0
368,0;364,0
376,0;375,0
415,0;408,0
468,0;478,0
533,0;545,0
568,0;556,0
580,0;532,0
564,0;567,0
554,0;531,0
550,0;544,0
595,0;615,0
596,0;596,0
583,0;594,0
569,0;504,0
568,0;569,0
658,0;651,0
675,0;640,0
639,0;633,0
590,0;580,0
539,0;516,0
477,0;472,0
420,0;399,0
389,0;383,0
370,0;371,0
361,0;353,0
372,0;370,0
418,0;414,0
464,0;494,0
533,0;533,0
574,0;530,0
582,0;580,0
563,0;582,0
557,0;583,0
547,0;568,0
586,0;602,0
585,0;602,0
572,0;600,0
550,0;557,0
557,0;567,0
631,0;652,0
641,0;674,0
598,0;622,0
552,0;583,0
508,0;517,0
455,0;477,0
418,0;420,0
380,0;385,0
354,0;373,0
351,0;361,0
355,0;372,0
383,0;418,0
409,0;464,0
486,0;533,0
560,0;580,0
586,0;582,0
586,0;580,0
584,0;563,0
579,0;545,0
609,0;566,0
604,0;566,0
587,0;579,0
557,0;543,0
564,0;543,0
632,0;669,0
635,0;631,0
611,0;585,0
564,0;595,0
509,0;539,0
459,0;183,0
424,0;386,0
388,0;374,0
368,0;359,0
375,0;423,0
378,0;386,0
428,0;429,0
501,0;565,0
573,0;586,0
624,0;601,0
640,0;572,0
641,0;576,0
641,0;537,0
626,0;592,0
626,0;532,0
630,0;535,0
623,0;522,0
622,0;608,0
697,0;608,0
706,0;562,0
661,0;616,0
584,0;539,0
507,0;472,0
435,0;435,0
388,0;394,0
353,0;371,0
403,0;347,0
481,0;392,0
558,0;493,0
600,0;439,0
620,0;592,0
620,0;596,0
611,0;581,0
596,0;612,0
604,0;574,0
620,0;578,0
611,0;578,0
602,0;612,0
579,0;612,0
579,0;648,0
658,0;678,0
572,0;593,0
516,0;519,0
454,0;438,0
422,0;382,0
395,0;354,0
440,0;412,0
503,0;496,0
580,0;581,0
620,0;599,0
628,0;602,0
614,0;609,0
602,0;596,0
596,0;659,0
597,0;595,0
626,0;607,0
617,0;602,0
600,0;580,0
572,0;545,0
573,0;591,0
658,0;657,0
574,0;587,0
518,0;518,0
459,0;429,0
424,0;408,0
391,0;404,0
441,0;406,0
492,0;499,0
572,0;607,0
609,0;601,0
617,0;626,0
605,0;620,0
595,0;607,0
584,0;583,0
586,0;605,0
620,0;618,0
612,0;638,0
592,0;595,0
567,0;619,0
572,0;619,0
662,0;642,0
564,0;583,0
502,0;521,0
439,0;386,0
397,0;413,0
379,0;422,0
370,0;422,0
380,0;379,0
419,0;437,0
472,0;506,0
551,0;542,0
593,0;593,0
602,0;614,0
588,0;615,0
584,0;574,0
583,0;614,0
588,0;562,0
628,0;588,0
619,0;571,0
608,0;574,0
591,0;561,0
577,0;605,0
649,0;665,0
562,0;556,0
503,0;508,0
447,0;445,0
400,0;406,0
380,0;386,0
374,0;348,0
379,0;389,0
424,0;437,0
474,0;508,0
549,0;557,0
576,0;614,0
591,0;615,0
583,0;584,0
570,0;614,0
558,0;590,0
550,0;598,0
585,0;643,0
581,0;554,0
564,0;602,0
532,0;585,0
522,0;584,0
608,0;647,0
649,0;685,0
602,0;610,0
535,0;565,0
491,0;503,0
433,0;436,0
391,0;405,0
373,0;403,0
361,0;355,0
372,0;367,0
393,0;447,0
425,0;469,0
502,0;530,0
567,0;605,0
601,0;628,0
596,0;567,0
584,0;578,0
572,0;564,0
572,0;570,0
607,0;611,0
595,0;611,0
568,0;595,0
538,0;553,0
534,0;555,0
603,0;656,0
636,0;669,0
589,0;596,0
523,0;520,0
474,0;469,0
423,0;408,0
380,0;378,0
354,0;373,0
345,0;370,0
348,0;355,0
369,0;427,0
379,0;436,0
451,0;507,0
540,0;576,0
596,0;624,0
607,0;592,0
593,0;429,0
581,0;548,0
569,0;582,0
553,0;601,0
544,0;594,0
544,0;589,0
542,0;566,0
547,0;533,0
643,0;599,0
691,0;674,0
629,0;574,0
537,0;556,0
448,0;481,0
382,0;417,0
352,0;374,0
332,0;358,0
333,0;351,0
337,0;370,0
386,0;396,0
445,0;486,0
527,0;423,0
571,0;550,0
568,0;584,0
564,0;637,0
551,0;576,0
547,0;595,0
546,0;571,0
587,0;618,0
577,0;543,0
558,0;561,0
534,0;537,0
522,0;537,0
594,0;655,0
626,0;677,0
577,0;627,0
514,0;518,0
467,0;459,0
412,0;421,0
372,0;370,0
354,0;357,0
349,0;347,0
359,0;366,0
393,0;372,0
449,0;430,0
519,0;532,0
560,0;609,0
572,0;568,0
565,0;583,0
559,0;575,0
551,0;579,0
564,0;557,0
603,0;546,0
606,0;546,0
596,0;539,0
573,0;549,0
593,0;527,0
644,0;608,0
647,0;657,0
601,0;629,0
524,0;549,0
477,0;481,0
418,0;416,0
386,0;379,0
362,0;438,0
361,0;346,0
363,0;360,0
402,0;406,0
465,0;461,0
546,0;512,0
581,0;485,0
595,0;569,0
596,0;638,0
599,0;586,0
602,0;518,0
612,0;554,0
647,0;613,0
644,0;613,0
617,0;530,0
591,0;578,0
587,0;508,0
630,0;636,0
648,0;641,0
605,0;631,0
539,0;532,0
482,0;498,0
432,0;425,0
398,0;386,0
380,0;348,0
370,0;345,0
379,0;368,0
411,0;380,0
457,0;440,0
546,0;486,0
594,0;533,0
613,0;543,0
614,0;575,0
614,0;562,0
609,0;573,0
612,0;628,0
650,0;604,0
649,0;604,0
619,0;612,0
607,0;580,0
594,0;568,0
647,0;651,0
660,0;648,0
626,0;642,0
563,0;542,0
500,0;487,0
441,0;419,0
403,0;355,0
382,0;395,0
374,0;347,0
377,0;382,0
418,0;435,0
476,0;440,0
560,0;567,0
605,0;613,0
622,0;600,0
619,0;600,0
620,0;584,0
616,0;642,0
608,0;642,0
641,0;651,0
632,0;651,0
618,0;679,0
600,0;573,0
587,0;635,0
640,0;637,0
638,0;653,0
604,0;586,0
549,0;571,0
498,0;477,0
451,0;439,0
412,0;390,0
388,0;396,0
376,0;372,0
380,0;388,0
415,0;444,0
438,0;485,0
519,0;562,0
585,0;612,0
635,0;633,0
642,0;618,0
647,0;606,0
638,0;604,0
629,0;641,0
669,0;717,0
662,0;642,0
629,0;626,0
592,0;603,0
584,0;576,0
633,0;640,0
664,0;613,0
618,0;615,0
555,0;581,0
514,0;498,0
460,0;436,0
417,0;441,0
393,0;417,0
373,0;348,0
374,0;348,0
395,0;416,0
396,0;429,0
466,0;532,0
557,0;626,0
621,0;635,0
644,0;589,0
633,0;589,0
616,0;641,0
601,0;638,0
577,0;631,0
574,0;609,0
567,0;636,0
570,0;586,0
573,0;585,0
650,0;654,0
721,0;577,0
669,0;600,0
584,0;601,0
497,0;525,0
431,0;510,0
386,0;405,0
374,0;369,0
362,0;361,0
416,0;399,0
462,0;471,0
545,0;555,0
589,0;567,0
593,0;613,0
576,0;649,0
564,0;627,0
560,0;654,0
568,0;589,0
605,0;577,0
594,0;577,0
576,0;591,0
547,0;575,0
531,0;591,0
597,0;638,0
656,0;630,0
609,0;671,0
540,0;568,0
475,0;512,0
419,0;367,0
393,0;421,0
369,0;355,0
359,0;370,0
416,0;404,0
469,0;511,0
556,0;587,0
586,0;592,0
589,0;607,0
580,0;595,0
571,0;611,0
569,0;575,0
578,0;559,0
614,0;606,0
614,0;606,0
608,0;582,0
604,0;574,0
605,0;559,0
646,0;642,0
663,0;668,0
622,0;610,0
549,0;527,0
488,0;463,0
423,0;378,0
378,0;421,0
363,0;372,0
354,0;364,0
407,0;418,0
465,0;456,0
551,0;545,0
593,0;569,0
601,0;574,0
589,0;569,0
582,0;591,0
577,0;608,0
570,0;592,0
609,0;615,0
616,0;615,0
593,0;589,0
567,0;540,0
553,0;530,0
618,0;648,0
670,0;689,0
632,0;644,0
552,0;525,0
495,0;520,0
433,0;386,0
396,0;383,0
375,0;396,0
368,0;343,0
424,0;410,0
470,0;469,0
558,0;550,0
589,0;526,0
601,0;651,0
592,0;596,0
585,0;545,0
579,0;576,0
581,0;562,0
626,0;592,0
621,0;639,0
603,0;593,0
576,0;571,0
569,0;571,0
626,0;633,0
677,0;687,0
628,0;648,0
552,0;534,0
490,0;480,0
425,0;460,0
385,0;388,0
365,0;367,0
355,0;401,0
361,0;395,0
407,0;396,0
467,0;472,0
543,0;499,0
585,0;621,0
592,0;599,0
576,0;623,0
565,0;564,0
563,0;567,0
555,0;571,0
586,0;646,0
592,0;646,0
585,0;609,0
576,0;580,0
561,0;605,0
607,0;628,0
655,0;662,0
613,0;624,0
544,0;551,0
496,0;463,0
440,0;398,0
395,0;378,0
379,0;380,0
363,0;341,0
360,0;379,0
391,0;414,0
413,0;482,0
501,0;535,0
564,0;563,0
599,0;619,0
598,0;619,0
590,0;572,0
585,0;561,0
590,0;592,0
623,0;600,0
612,0;642,0
598,0;594,0
573,0;581,0
583,0;573,0
628,0;643,0
635,0;715,0
586,0;645,0
526,0;562,0
484,0;500,0
433,0;430,0
389,0;424,0
372,0;348,0
356,0;360,0
363,0;360,0
375,0;407,0
377,0;439,0
451,0;445,0
536,0;572,0
614,0;594,0
644,0;611,0
639,0;603,0
628,0;573,0
614,0;569,0
590,0;601,0
577,0;625,0
573,0;593,0
576,0;563,0
571,0;586,0
635,0;617,0
657,0;672,0
613,0;629,0
542,0;549,0
468,0;506,0
398,0;446,0
359,0;363,0
349,0;372,0
333,0;362,0
338,0;362,0
381,0;379,0
437,0;428,0
526,0;518,0
580,0;503,0
601,0;635,0
599,0;621,0
598,0;581,0
593,0;581,0
588,0;540,0
615,0;573,0
610,0;559,0
592,0;615,0
562,0;580,0
545,0;572,0
593,0;657,0
650,0;656,0
614,0;645,0
541,0;534,0
477,0;488,0
425,0;439,0
386,0;383,0
372,0;344,0
359,0;310,0
366,0;346,0
408,0;388,0
458,0;433,0
550,0;512,0
584,0;577,0
592,0;606,0
584,0;625,0
562,0;659,0
560,0;659,0
566,0;578,0
616,0;610,0
627,0;610,0
624,0;606,0
620,0;590,0
628,0;580,0
672,0;625,0
689,0;650,0
652,0;614,0
570,0;547,0
511,0;524,0
451,0;401,0
403,0;396,0
377,0;368,0
365,0;353,0
379,0;377,0
407,0;412,0
452,0;483,0
528,0;579,0
581,0;558,0
611,0;626,0
620,0;601,0
622,0;534,0
635,0;584,0
643,0;584,0
687,0;660,0
683,0;623,0
660,0;583,0
638,0;609,0
632,0;609,0
666,0;657,0
702,0;705,0
662,0;665,0
590,0;570,0
529,0;509,0
468,0;430,0
426,0;375,0
411,0;379,0
404,0;379,0
410,0;411,0
457,0;398,0
514,0;458,0
603,0;531,0
644,0;608,0
666,0;635,0
662,0;618,0
659,0;638,0
660,0;617,0
657,0;617,0
702,0;636,0
694,0;688,0
678,0;671,0
656,0;630,0
646,0;599,0
686,0;663,0
717,0;703,0
687,0;659,0
618,0;574,0
557,0;523,0
491,0;481,0
439,0;453,0
413,0;410,0
397,0;361,0
411,0;413,0
459,0;447,0
510,0;544,0
600,0;598,0
647,0;654,0
671,0;674,0
667,0;666,0
668,0;655,0
671,0;606,0
658,0;606,0
686,0;682,0
674,0;682,0
648,0;648,0
624,0;630,0
598,0;630,0
628,0;709,0
673,0;731,0
648,0;675,0
580,0;652,0
545,0;548,0
488,0;481,0
444,0;458,0
422,0;420,0
403,0;416,0
410,0;422,0
434,0;425,0
457,0;508,0
536,0;617,0
608,0;664,0
646,0;659,0
654,0;664,0
634,0;687,0
625,0;642,0
621,0;642,0
653,0;720,0
636,0;664,0
609,0;632,0
570,0;593,0
563,0;531,0
600,0;681,0
665,0;654,0
628,0;682,0
565,0;536,0
519,0;482,0
462,0;454,0
419,0;426,0
395,0;426,0
385,0;417,0
388,0;415,0
403,0;448,0
414,0;458,0
479,0;511,0
571,0;615,0
648,0;668,0
691,0;668,0
689,0;600,0
691,0;662,0
677,0;563,0
647,0;672,0
623,0;648,0
605,0;614,0
596,0;599,0
600,0;578,0
648,0;614,0
721,0;690,0
686,0;697,0
606,0;586,0
523,0;515,0
442,0;458,0
405,0;415,0
391,0;401,0
376,0;370,0
388,0;391,0
428,0;405,0
481,0;477,0
574,0;556,0
621,0;628,0
649,0;686,0
635,0;685,0
618,0;649,0
597,0;684,0
600,0;579,0
630,0;653,0
606,0;638,0
593,0;631,0
558,0;640,0
561,0;640,0
601,0;645,0
664,0;694,0
638,0;649,0
556,0;545,0
488,0;568,0
434,0;456,0
391,0;402,0
376,0;399,0
367,0;370,0
371,0;376,0
414,0;401,0
466,0;473,0
554,0;563,0
601,0;618,0
612,0;651,0
594,0;643,0
590,0;609,0
580,0;625,0
584,0;582,0
614,0;630,0
598,0;634,0
587,0;595,0
557,0;537,0
550,0;567,0
586,0;601,0
660,0;645,0
640,0;596,0
557,0;577,0
495,0;499,0
434,0;441,0
389,0;425,0
367,0;369,0
351,0;345,0
364,0;367,0
405,0;412,0
456,0;444,0
541,0;563,0
572,0;617,0
582,0;628,0
571,0;651,0
558,0;583,0
550,0;623,0
559,0;623,0
599,0;595,0
593,0;595,0
575,0;614,0
545,0;605,0
539,0;543,0
598,0;595,0
653,0;639,0
620,0;640,0
532,0;579,0
471,0;470,0
415,0;416,0
377,0;386,0
362,0;357,0
396,0;391,0
441,0;447,0
529,0;540,0
568,0;578,0
574,0;581,0
563,0;584,0
550,0;611,0
550,0;581,0
563,0;581,0
594,0;618,0
602,0;573,0
582,0;585,0
559,0;564,0
542,0;516,0
581,0;649,0
641,0;674,0
605,0;645,0
535,0;535,0
475,0;493,0
416,0;424,0
375,0;374,0
349,0;361,0
381,0;377,0
436,0;414,0
510,0;528,0
556,0;579,0
572,0;558,0
570,0;573,0
561,0;581,0
559,0;560,0
561,0;581,0
600,0;578,0
588,0;594,0
581,0;562,0
552,0;549,0
543,0;538,0
574,0;594,0
619,0;650,0
588,0;606,0
517,0;525,0
464,0;474,0
415,0;436,0
372,0;388,0
350,0;351,0
368,0;394,0
392,0;440,0
479,0;543,0
541,0;569,0
589,0;592,0
610,0;554,0
611,0;564,0
616,0;560,0
618,0;560,0
662,0;594,0
642,0;591,0
608,0;570,0
569,0;557,0
560,0;524,0
589,0;590,0
623,0;671,0
589,0;607,0
525,0;541,0
485,0;460,0
453,0;430,0
407,0;353,0
375,0;363,0
371,0;398,0
387,0;418,0
458,0;498,0
534,0;583,0
592,0;661,0
601,0;577,0
591,0;592,0
580,0;601,0
566,0;591,0
543,0;583,0
538,0;574,0
534,0;566,0
528,0;577,0
534,0;639,0
570,0;661,0
615,0;648,0
591,0;592,0
530,0;554,0
462,0;498,0
399,0;437,0
362,0;367,0
341,0;374,0
329,0;343,0
332,0;341,0
335,0;371,0
356,0;411,0
412,0;488,0
461,0;444,0
486,0;591,0
474,0;660,0
443,0;572,0
415,0;555,0
394,0;443,0
399,0;605,0
384,0;394,0
372,0;394,0
369,0;539,0
375,0;539,0
425,0;556,0
514,0;591,0
510,0;425,0
451,0;534,0
397,0;491,0
345,0;372,0
310,0;362,0
297,0;356,0
294,0;349,0
295,0;297,0
301,0;359,0
322,0;320,0
396,0;378,0
459,0;429,0
504,0;453,0
508,0;452,0
496,0;530,0
488,0;508,0
494,0;496,0
528,0;488,0
520,0;494,0
509,0;494,0
491,0;520,0
487,0;509,0
527,0;488,0
622,0;557,0
596,0;523,0
508,0;497,0
429,0;433,0
373,0;412,0
333,0;354,0
317,0;331,0
312,0;331,0
322,0;317,0
351,0;349,0
405,0;359,0
502,0;366,0
536,0;512,0
551,0;578,0
547,0;578,0
543,0;590,0
546,0;556,0
546,0;556,0
586,0;546,0
580,0;546,0
561,0;586,0
532,0;580,0
523,0;561,0
553,0;586,0
619,0;571,0
587,0;574,0
506,0;551,0
442,0;414,0
385,0;368,0
342,0;347,0
323,0;347,0
320,0;347,0
328,0;345,0
348,0;343,0
398,0;409,0
490,0;483,0
526,0;560,0
542,0;455,0
526,0;541,0
527,0;517,0
522,0;545,0
531,0;546,0
576,0;554,0
567,0;531,0
547,0;531,0
519,0;531,0
500,0;531,0
614,0;589,0
589,0;637,0
510,0;509,0
448,0;436,0
392,0;368,0
353,0;342,0
333,0;342,0
329,0;342,0
336,0;356,0
356,0;339,0
410,0;422,0
502,0;505,0
547,0;534,0
570,0;543,0
574,0;526,0
583,0;559,0
575,0;536,0
559,0;522,0
588,0;594,0
581,0;580,0
565,0;537,0
545,0;559,0
521,0;522,0
590,0;599,0
567,0;611,0
512,0;475,0
459,0;420,0
415,0;387,0
372,0;361,0
347,0;350,0
337,0;348,0
344,0;356,0
359,0;347,0
385,0;430,0
470,0;484,0
535,0;525,0
577,0;553,0
574,0;539,0
565,0;568,0
550,0;530,0
551,0;591,0
585,0;583,0
574,0;626,0
551,0;623,0
521,0;599,0
520,0;520,0
598,0;605,0
567,0;579,0
505,0;546,0
452,0;420,0
412,0;412,0
364,0;367,0
350,0;338,0
337,0;351,0
343,0;350,0
346,0;360,0
355,0;397,0
412,0;463,0
489,0;538,0
558,0;584,0
575,0;631,0
586,0;558,0
585,0;569,0
576,0;528,0
562,0;602,0
567,0;604,0
568,0;526,0
563,0;544,0
568,0;522,0
648,0;624,0
604,0;575,0
527,0;468,0
446,0;462,0
384,0;418,0
342,0;374,0
330,0;335,0
325,0;362,0
331,0;330,0
352,0;369,0
399,0;375,0
491,0;527,0
542,0;585,0
572,0;563,0
566,0;595,0
552,0;562,0
546,0;562,0
552,0;546,0
585,0;559,0
580,0;581,0
556,0;596,0
537,0;568,0
522,0;568,0
548,0;580,0
609,0;632,0
589,0;592,0
518,0;547,0
454,0;400,0
405,0;350,0
363,0;335,0
342,0;325,0
334,0;343,0
336,0;325,0
354,0;350,0
406,0;388,0
498,0;513,0
534,0;508,0
554,0;692,0
553,0;567,0
553,0;569,0
554,0;552,0
562,0;576,0
601,0;569,0
600,0;555,0
587,0;592,0
567,0;528,0
573,0;521,0
596,0;545,0
628,0;619,0
585,0;584,0
527,0;481,0
469,0;401,0
421,0;419,0
371,0;363,0
354,0;345,0
348,0;346,0
358,0;354,0
378,0;338,0
434,0;396,0
529,0;509,0
574,0;570,0
581,0;595,0
565,0;553,0
564,0;552,0
553,0;552,0
561,0;580,0
584,0;545,0
581,0;545,0
562,0;579,0
534,0;566,0
523,0;574,0
539,0;610,0
622,0;673,0
620,0;580,0
543,0;512,0
478,0;482,0
414,0;412,0
370,0;372,0
348,0;375,0
345,0;359,0
356,0;348,0
373,0;389,0
428,0;416,0
518,0;557,0
558,0;584,0
569,0;592,0
555,0;577,0
555,0;566,0
547,0;547,0
556,0;555,0
593,0;582,0
583,0;618,0
567,0;554,0
540,0;563,0
529,0;563,0
562,0;558,0
636,0;624,0
617,0;567,0
526,0;540,0
468,0;477,0
405,0;420,0
360,0;356,0
338,0;349,0
326,0;352,0
344,0;368,0
369,0;376,0
425,0;445,0
509,0;511,0
546,0;465,0
560,0;544,0
549,0;544,0
552,0;556,0
545,0;541,0
538,0;559,0
579,0;618,0
579,0;588,0
556,0;582,0
529,0;521,0
511,0;530,0
523,0;561,0
597,0;638,0
593,0;636,0
525,0;537,0
466,0;485,0
407,0;411,0
373,0;370,0
348,0;362,0
342,0;362,0
337,0;348,0
347,0;373,0
368,0;441,0
445,0;468,0
515,0;540,0
561,0;566,0
569,0;559,0
573,0;554,0
566,0;545,0
567,0;545,0
597,0;568,0
588,0;584,0
562,0;565,0
528,0;548,0
512,0;526,0
521,0;550,0
589,0;593,0
573,0;620,0
515,0;543,0
468,0;489,0
401,0;415,0
361,0;350,0
338,0;351,0
328,0;351,0
335,0;338,0
327,0;358,0
340,0;412,0
413,0;475,0
505,0;544,0
561,0;571,0
562,0;640,0
558,0;566,0
550,0;558,0
539,0;558,0
531,0;585,0
523,0;571,0
524,0;588,0
520,0;545,0
521,0;558,0
550,0;583,0
638,0;562,0
615,0;590,0
531,0;474,0
444,0;475,0
374,0;423,0
338,0;353,0
320,0;353,0
321,0;352,0
325,0;339,0
337,0;369,0
398,0;397,0
488,0;488,0
532,0;487,0
551,0;540,0
544,0;590,0
544,0;544,0
548,0;566,0
548,0;612,0
588,0;573,0
578,0;579,0
563,0;522,0
533,0;555,0
523,0;577,0
553,0;547,0
618,0;617,0
588,0;693,0
508,0;499,0
438,0;446,0
373,0;382,0
341,0;349,0
325,0;339,0
318,0;333,0
348,0;348,0
401,0;378,0
486,0;484,0
522,0;524,0
542,0;570,0
540,0;562,0
536,0;544,0
538,0;561,0
548,0;547,0
588,0;606,0
586,0;606,0
562,0;539,0
534,0;528,0
517,0;520,0
532,0;564,0
592,0;626,0
588,0;603,0
518,0;513,0
456,0;421,0
394,0;390,0
352,0;345,0
338,0;345,0
329,0;335,0
356,0;342,0
406,0;407,0
497,0;489,0
538,0;521,0
557,0;567,0
544,0;477,0
552,0;477,0
546,0;573,0
548,0;547,0
589,0;594,0
591,0;581,0
577,0;581,0
538,0;510,0
529,0;568,0
536,0;540,0
604,0;618,0
610,0;584,0
528,0;523,0
462,0;452,0
396,0;364,0
354,0;341,0
337,0;340,0
335,0;346,0
358,0;367,0
419,0;400,0
495,0;438,0
534,0;554,0
543,0;522,0
526,0;550,0
527,0;527,0
529,0;552,0
539,0;579,0
586,0;626,0
581,0;613,0
561,0;623,0
529,0;548,0
505,0;494,0
510,0;549,0
582,0;589,0
608,0;619,0
528,0;487,0
461,0;410,0
402,0;387,0
363,0;372,0
343,0;361,0
331,0;343,0
357,0;342,0
414,0;400,0
494,0;487,0
524,0;541,0
542,0;547,0
540,0;539,0
543,0;549,0
540,0;544,0
536,0;525,0
584,0;613,0
584,0;608,0
556,0;540,0
523,0;520,0
496,0;480,0
499,0;554,0
570,0;573,0
586,0;624,0
510,0;523,0
459,0;463,0
409,0;399,0
372,0;360,0
350,0;351,0
337,0;351,0
347,0;350,0
348,0;388,0
377,0;404,0
458,0;466,0
522,0;531,0
556,0;535,0
560,0;523,0
562,0;552,0
557,0;561,0
556,0;561,0
588,0;588,0
571,0;568,0
548,0;595,0
516,0;514,0
503,0;542,0
530,0;512,0
574,0;570,0
550,0;593,0
481,0;505,0
442,0;456,0
397,0;419,0
363,0;381,0
338,0;345,0
326,0;325,0
334,0;331,0
329,0;364,0
341,0;397,0
405,0;475,0
477,0;523,0
538,0;566,0
579,0;460,0
584,0;538,0
584,0;542,0
578,0;539,0
560,0;571,0
550,0;436,0
548,0;552,0
543,0;534,0
546,0;521,0
559,0;543,0
608,0;563,0
611,0;585,0
534,0;453,0
448,0;466,0
382,0;410,0
340,0;353,0
326,0;340,0
317,0;342,0
329,0;343,0
341,0;343,0
400,0;399,0
488,0;491,0
518,0;527,0
544,0;542,0
546,0;568,0
546,0;630,0
544,0;592,0
545,0;592,0
580,0;585,0
581,0;531,0
568,0;531,0
535,0;493,0
512,0;527,0
519,0;532,0
584,0;598,0
597,0;574,0
522,0;526,0
449,0;441,0
391,0;354,0
353,0;344,0
331,0;337,0
323,0;335,0
331,0;329,0
344,0;340,0
398,0;399,0
489,0;484,0
536,0;522,0
551,0;556,0
542,0;558,0
547,0;571,0
548,0;545,0
556,0;549,0
586,0;608,0
594,0;528,0
575,0;563,0
551,0;536,0
534,0;563,0
536,0;534,0
577,0;583,0
582,0;597,0
508,0;551,0
448,0;421,0
395,0;384,0
357,0;335,0
338,0;339,0
331,0;339,0
339,0;345,0
354,0;341,0
405,0;412,0
491,0;509,0
531,0;551,0
551,0;548,0
559,0;543,0
553,0;529,0
557,0;554,0
561,0;576,0
594,0;598,0
593,0;613,0
584,0;579,0
553,0;531,0
532,0;505,0
546,0;510,0
602,0;567,0
602,0;607,0
522,0;576,0
466,0;452,0
407,0;390,0
365,0;363,0
344,0;333,0
341,0;329,0
343,0;348,0
365,0;348,0
413,0;381,0
501,0;490,0
549,0;526,0
574,0;542,0
576,0;615,0
575,0;531,0
568,0;553,0
568,0;568,0
615,0;592,0
615,0;593,0
593,0;574,0
571,0;526,0
558,0;535,0
566,0;527,0
611,0;588,0
611,0;607,0
542,0;503,0
479,0;459,0
411,0;404,0
368,0;369,0
346,0;351,0
343,0;351,0
348,0;343,0
357,0;350,0
417,0;383,0
507,0;500,0
544,0;535,0
577,0;555,0
572,0;609,0
565,0;570,0
568,0;544,0
563,0;544,0
602,0;593,0
603,0;573,0
584,0;582,0
557,0;556,0
535,0;547,0
541,0;555,0
607,0;598,0
633,0;564,0
557,0;526,0
508,0;468,0
447,0;399,0
416,0;386,0
418,0;345,0
357,0;345,0
337,0;418,0
329,0;351,0
355,0;394,0
430,0;468,0
491,0;535,0
532,0;560,0
547,0;565,0
550,0;564,0
555,0;590,0
556,0;578,0
597,0;590,0
584,0;597,0
563,0;578,0
537,0;569,0
549,0;540,0
608,0;540,0
624,0;618,0
596,0;551,0
523,0;543,0
476,0;500,0
434,0;405,0
402,0;361,0
406,0;386,0
358,0;338,0
334,0;352,0
320,0;362,0
334,0;404,0
399,0;505,0
469,0;527,0
537,0;545,0
565,0;561,0
562,0;580,0
561,0;601,0
559,0;574,0
543,0;620,0
536,0;550,0
533,0;554,0
536,0;559,0
555,0;616,0
627,0;594,0
649,0;632,0
645,0;629,0
573,0;542,0
486,0;468,0
411,0;442,0
389,0;423,0
395,0;409,0
350,0;333,0
337,0;310,0
340,0;360,0
400,0;353,0
480,0;477,0
520,0;493,0
540,0;575,0
541,0;578,0
549,0;560,0
560,0;521,0
562,0;587,0
600,0;556,0
591,0;556,0
582,0;549,0
559,0;538,0
555,0;592,0
612,0;637,0
633,0;645,0
622,0;669,0
548,0;534,0
484,0;470,0
424,0;437,0
397,0;359,0
405,0;416,0
363,0;362,0
347,0;343,0
348,0;341,0
407,0;409,0
484,0;476,0
525,0;560,0
544,0;533,0
541,0;567,0
546,0;538,0
559,0;567,0
564,0;583,0
601,0;586,0
597,0;586,0
581,0;596,0
555,0;544,0
559,0;575,0
610,0;625,0
633,0;622,0
622,0;600,0
557,0;538,0
499,0;484,0
437,0;417,0
417,0;374,0
413,0;410,0
374,0;368,0
357,0;340,0
363,0;346,0
412,0;422,0
496,0;505,0
533,0;527,0
546,0;526,0
555,0;554,0
557,0;536,0
568,0;569,0
577,0;590,0
629,0;574,0
621,0;578,0
606,0;545,0
586,0;546,0
581,0;532,0
628,0;539,0
649,0;640,0
630,0;661,0
564,0;549,0
500,0;493,0
452,0;417,0
425,0;411,0
426,0;397,0
384,0;369,0
372,0;338,0
372,0;380,0
414,0;410,0
499,0;507,0
530,0;505,0
544,0;533,0
554,0;552,0
560,0;578,0
556,0;587,0
561,0;560,0
608,0;636,0
613,0;642,0
600,0;608,0
577,0;587,0
579,0;587,0
619,0;601,0
632,0;639,0
609,0;624,0
544,0;554,0
495,0;502,0
444,0;461,0
406,0;436,0
405,0;436,0
365,0;393,0
348,0;354,0
349,0;363,0
395,0;421,0
474,0;515,0
517,0;556,0
539,0;538,0
547,0;577,0
541,0;556,0
562,0;561,0
547,0;572,0
581,0;637,0
582,0;634,0
574,0;595,0
545,0;578,0
558,0;582,0
608,0;630,0
611,0;611,0
585,0;611,0
523,0;559,0
489,0;514,0
442,0;427,0
422,0;395,0
412,0;403,0
373,0;337,0
351,0;355,0
348,0;355,0
368,0;382,0
445,0;441,0
508,0;474,0
548,0;552,0
566,0;546,0
569,0;552,0
578,0;547,0
581,0;554,0
619,0;600,0
604,0;427,0
578,0;556,0
548,0;547,0
551,0;559,0
596,0;615,0
615,0;607,0
593,0;621,0
534,0;534,0
496,0;471,0
451,0;440,0
419,0;427,0
408,0;397,0
370,0;395,0
342,0;352,0
335,0;320,0
352,0;354,0
416,0;496,0
494,0;543,0
549,0;527,0
584,0;529,0
591,0;566,0
592,0;567,0
590,0;563,0
582,0;598,0
569,0;598,0
566,0;563,0
559,0;584,0
576,0;567,0
631,0;583,0
642,0;576,0
604,0;600,0
547,0;507,0
485,0;493,0
421,0;441,0
393,0;451,0
390,0;403,0
355,0;347,0
348,0;342,0
345,0;345,0
387,0;397,0
472,0;483,0
510,0;510,0
530,0;526,0
527,0;585,0
539,0;596,0
548,0;613,0
559,0;563,0
595,0;595,0
594,0;541,0
563,0;591,0
547,0;535,0
556,0;584,0
603,0;624,0
619,0;642,0
600,0;591,0
541,0;526,0
485,0;488,0
442,0;418,0
422,0;435,0
422,0;376,0
377,0;343,0
364,0;325,0
365,0;346,0
413,0;368,0
505,0;497,0
532,0;454,0
547,0;541,0
544,0;537,0
558,0;577,0
572,0;552,0
577,0;563,0
619,0;555,0
616,0;567,0
608,0;585,0
580,0;565,0
578,0;565,0
619,0;611,0
632,0;585,0
619,0;594,0
552,0;528,0
498,0;441,0
441,0;500,0
414,0;423,0
400,0;417,0
364,0;397,0
349,0;347,0
356,0;350,0
397,0;405,0
490,0;493,0
519,0;519,0
541,0;519,0
547,0;551,0
556,0;596,0
565,0;591,0
566,0;578,0
606,0;638,0
609,0;602,0
599,0;600,0
577,0;574,0
588,0;574,0
634,0;618,0
634,0;636,0
600,0;586,0
536,0;554,0
493,0;489,0
438,0;441,0
418,0;410,0
409,0;376,0
367,0;362,0
354,0;366,0
360,0;368,0
402,0;411,0
490,0;485,0
525,0;452,0
541,0;551,0
545,0;537,0
549,0;539,0
550,0;567,0
554,0;547,0
598,0;578,0
603,0;578,0
587,0;616,0
559,0;591,0
555,0;590,0
600,0;573,0
628,0;581,0
620,0;619,0
561,0;552,0
508,0;441,0
447,0;441,0
420,0;377,0
404,0;376,0
365,0;383,0
354,0;346,0
356,0;371,0
407,0;404,0
491,0;486,0
526,0;513,0
545,0;566,0
545,0;589,0
553,0;562,0
568,0;531,0
561,0;563,0
600,0;613,0
597,0;574,0
587,0;613,0
571,0;581,0
564,0;577,0
603,0;611,0
623,0;613,0
593,0;589,0
533,0;541,0
500,0;494,0
438,0;411,0
414,0;420,0
401,0;413,0
359,0;372,0
344,0;343,0
343,0;359,0
364,0;401,0
453,0;474,0
504,0;546,0
543,0;555,0
548,0;568,0
558,0;557,0
564,0;528,0
568,0;557,0
614,0;597,0
607,0;601,0
586,0;608,0
555,0;551,0
556,0;588,0
590,0;564,0
606,0;630,0
586,0;570,0
528,0;608,0
485,0;511,0
441,0;438,0
413,0;419,0
390,0;415,0
351,0;325,0
339,0;370,0
326,0;338,0
343,0;385,0
414,0;480,0
487,0;503,0
540,0;550,0
570,0;563,0
570,0;592,0
571,0;571,0
565,0;581,0
553,0;638,0
549,0;637,0
560,0;570,0
557,0;524,0
564,0;524,0
599,0;570,0
618,0;621,0
617,0;608,0
560,0;517,0
493,0;470,0
432,0;424,0
401,0;415,0
385,0;419,0
356,0;381,0
336,0;346,0
346,0;341,0
397,0;400,0
483,0;488,0
531,0;521,0
548,0;570,0
560,0;554,0
571,0;580,0
577,0;550,0
586,0;571,0
625,0;600,0
618,0;600,0
600,0;600,0
573,0;564,0
563,0;567,0
602,0;587,0
625,0;626,0
620,0;564,0
560,0;522,0
508,0;491,0
457,0;424,0
426,0;412,0
412,0;391,0
374,0;359,0
362,0;345,0
406,0;386,0
498,0;484,0
550,0;528,0
564,0;541,0
575,0;618,0
574,0;546,0
592,0;593,0
594,0;593,0
640,0;633,0
631,0;633,0
609,0;614,0
583,0;576,0
576,0;576,0
614,0;606,0
633,0;611,0
627,0;623,0
574,0;574,0
523,0;528,0
468,0;450,0
437,0;424,0
414,0;397,0
375,0;376,0
364,0;361,0
411,0;397,0
507,0;484,0
557,0;559,0
587,0;563,0
600,0;555,0
603,0;565,0
605,0;596,0
601,0;565,0
644,0;655,0
633,0;624,0
609,0;601,0
582,0;595,0
580,0;550,0
630,0;600,0
649,0;629,0
623,0;614,0
560,0;611,0
512,0;502,0
459,0;461,0
437,0;441,0
413,0;432,0
383,0;365,0
365,0;348,0
414,0;395,0
495,0;474,0
555,0;544,0
577,0;554,0
586,0;615,0
601,0;593,0
605,0;605,0
616,0;574,0
667,0;664,0
651,0;664,0
627,0;594,0
607,0;578,0
593,0;578,0
611,0;630,0
631,0;562,0
625,0;616,0
568,0;618,0
524,0;501,0
470,0;493,0
438,0;453,0
418,0;453,0
381,0;374,0
373,0;348,0
418,0;403,0
507,0;488,0
552,0;531,0
568,0;613,0
583,0;591,0
604,0;588,0
611,0;604,0
615,0;602,0
649,0;629,0
642,0;649,0
617,0;636,0
599,0;615,0
601,0;568,0
666,0;594,0
645,0;659,0
588,0;633,0
530,0;563,0
484,0;599,0
443,0;473,0
424,0;447,0
412,0;428,0
376,0;385,0
358,0;370,0
358,0;387,0
373,0;422,0
447,0;511,0
508,0;551,0
549,0;540,0
562,0;587,0
571,0;566,0
576,0;573,0
581,0;637,0
614,0;649,0
601,0;584,0
584,0;634,0
557,0;595,0
559,0;631,0
592,0;647,0
603,0;631,0
579,0;592,0
531,0;557,0
500,0;496,0
449,0;438,0
419,0;412,0
394,0;409,0
355,0;333,0
340,0;366,0
334,0;366,0
339,0;418,0
394,0;551,0
455,0;566,0
511,0;570,0
541,0;576,0
560,0;611,0
570,0;567,0
571,0;567,0
567,0;607,0
563,0;607,0
559,0;564,0
565,0;579,0
576,0;558,0
631,0;601,0
633,0;631,0
590,0;595,0
534,0;529,0
485,0;525,0
433,0;464,0
410,0;378,0
394,0;368,0
349,0;364,0
342,0;341,0
345,0;341,0
393,0;397,0
487,0;483,0
542,0;511,0
562,0;534,0
558,0;568,0
567,0;592,0
585,0;565,0
591,0;565,0
627,0;600,0
620,0;591,0
606,0;591,0
571,0;564,0
565,0;565,0
604,0;630,0
632,0;643,0
631,0;584,0
567,0;523,0
518,0;484,0
461,0;441,0
437,0;393,0
412,0;391,0
377,0;344,0
364,0;324,0
369,0;349,0
410,0;413,0
493,0;484,0
527,0;537,0
547,0;569,0
562,0;564,0
569,0;565,0
586,0;575,0
590,0;601,0
634,0;637,0
625,0;601,0
609,0;601,0
576,0;586,0
574,0;582,0
604,0;595,0
637,0;630,0
630,0;530,0
579,0;566,0
530,0;522,0
470,0;451,0
446,0;435,0
423,0;409,0
388,0;374,0
377,0;368,0
379,0;365,0
418,0;405,0
508,0;491,0
548,0;541,0
574,0;542,0
583,0;555,0
596,0;615,0
603,0;588,0
616,0;608,0
670,0;624,0
669,0;624,0
646,0;616,0
608,0;616,0
606,0;584,0
650,0;584,0
672,0;633,0
653,0;624,0
585,0;560,0
528,0;491,0
482,0;458,0
461,0;462,0
424,0;393,0
392,0;394,0
378,0;375,0
376,0;378,0
421,0;419,0
503,0;511,0
563,0;530,0
590,0;560,0
603,0;546,0
617,0;615,0
634,0;593,0
643,0;626,0
684,0;668,0
669,0;702,0
649,0;646,0
626,0;607,0
608,0;583,0
639,0;656,0
658,0;663,0
651,0;643,0
597,0;609,0
545,0;517,0
494,0;493,0
458,0;461,0
437,0;441,0
391,0;390,0
386,0;383,0
384,0;375,0
428,0;428,0
524,0;495,0
577,0;555,0
607,0;577,0
621,0;602,0
633,0;597,0
639,0;642,0
647,0;638,0
700,0;649,0
695,0;649,0
663,0;647,0
636,0;657,0
628,0;540,0
657,0;634,0
677,0;649,0
657,0;632,0
602,0;618,0
555,0;553,0
493,0;502,0
461,0;415,0
423,0;438,0
390,0;402,0
376,0;385,0
373,0;373,0
399,0;441,0
480,0;517,0
548,0;547,0
605,0;651,0
628,0;618,0
652,0;646,0
678,0;592,0
688,0;647,0
740,0;701,0
745,0;690,0
722,0;662,0
686,0;611,0
681,0;639,0
696,0;629,0
713,0;634,0
711,0;645,0
676,0;602,0
620,0;584,0
542,0;490,0
461,0;470,0
408,0;396,0
389,0;364,0
424,0;365,0
491,0;368,0
539,0;385,0
536,0;476,0
544,0;556,0
535,0;620,0
515,0;622,0
496,0;625,0
486,0;630,0
484,0;630,0
475,0;497,0
472,0;497,0
463,0;690,0
472,0;675,0
480,0;658,0
478,0;484,0
500,0;696,0
531,0;692,0
502,0;450,0
458,0;691,0
404,0;547,0
364,0;452,0
351,0;412,0
339,0;381,0
341,0;391,0
335,0;349,0
355,0;359,0
411,0;564,0
472,0;557,0
518,0;588,0
537,0;617,0
537,0;594,0
535,0;594,0
532,0;594,0
558,0;542,0
555,0;542,0
540,0;558,0
523,0;532,0
512,0;532,0
498,0;535,0
526,0;584,0
571,0;559,0
533,0;558,0
500,0;508,0
441,0;476,0
394,0;420,0
366,0;387,0
357,0;360,0
358,0;360,0
370,0;377,0
408,0;377,0
501,0;441,0
557,0;510,0
586,0;533,0
600,0;531,0
608,0;602,0
617,0;602,0
626,0;581,0
662,0;581,0
648,0;581,0
625,0;662,0
595,0;626,0
573,0;626,0
563,0;617,0
585,0;598,0
600,0;598,0
548,0;604,0
500,0;547,0
443,0;438,0
403,0;394,0
384,0;398,0
367,0;364,0
360,0;384,0
365,0;398,0
412,0;438,0
498,0;509,0
572,0;564,0
598,0;589,0
611,0;581,0
626,0;596,0
638,0;615,0
644,0;626,0
688,0;638,0
670,0;644,0
648,0;644,0
615,0;598,0
587,0;583,0
572,0;536,0
594,0;611,0
632,0;594,0
584,0;553,0
529,0;490,0
471,0;461,0
416,0;408,0
383,0;391,0
375,0;370,0
380,0;340,0
387,0;370,0
437,0;403,0
526,0;508,0
571,0;637,0
590,0;594,0
600,0;629,0
610,0;624,0
615,0;624,0
619,0;642,0
656,0;679,0
650,0;679,0
625,0;619,0
588,0;613,0
561,0;576,0
548,0;559,0
557,0;559,0
604,0;636,0
558,0;570,0
512,0;516,0
449,0;461,0
405,0;395,0
383,0;405,0
372,0;372,0
371,0;383,0
379,0;372,0
421,0;395,0
511,0;536,0
568,0;581,0
595,0;614,0
609,0;620,0
624,0;617,0
626,0;613,0
618,0;629,0
648,0;653,0
644,0;622,0
615,0;618,0
578,0;571,0
552,0;535,0
542,0;605,0
561,0;577,0
584,0;621,0
538,0;558,0
487,0;516,0
432,0;432,0
385,0;425,0
366,0;340,0
350,0;340,0
349,0;366,0
356,0;350,0
378,0;419,0
459,0;516,0
521,0;547,0
560,0;610,0
588,0;602,0
596,0;612,0
593,0;611,0
595,0;612,0
619,0;611,0
603,0;611,0
583,0;595,0
542,0;634,0
526,0;558,0
518,0;587,0
539,0;566,0
574,0;604,0
523,0;539,0
475,0;488,0
431,0;448,0
399,0;390,0
372,0;371,0
363,0;371,0
360,0;371,0
351,0;363,0
367,0;403,0
431,0;508,0
512,0;548,0
566,0;578,0
588,0;427,0
589,0;419,0
586,0;623,0
577,0;605,0
569,0;538,0
558,0;538,0
551,0;577,0
547,0;581,0
552,0;543,0
553,0;543,0
572,0;569,0
565,0;532,0
513,0;552,0
453,0;470,0
400,0;375,0
361,0;402,0
355,0;337,0
347,0;356,0
351,0;353,0
358,0;353,0
398,0;382,0
480,0;416,0
534,0;544,0
565,0;607,0
579,0;591,0
586,0;577,0
592,0;606,0
596,0;578,0
620,0;591,0
618,0;607,0
598,0;570,0
567,0;544,0
550,0;544,0
547,0;567,0
577,0;549,0
611,0;589,0
549,0;505,0
487,0;468,0
429,0;420,0
393,0;399,0
370,0;344,0
369,0;352,0
368,0;352,0
378,0;369,0
417,0;389,0
504,0;468,0
558,0;508,0
582,0;551,0
590,0;572,0
597,0;565,0
604,0;588,0
609,0;574,0
634,0;598,0
639,0;621,0
617,0;586,0
577,0;552,0
550,0;557,0
543,0;557,0
568,0;585,0
621,0;569,0
561,0;563,0
498,0;503,0
440,0;452,0
393,0;397,0
377,0;385,0
362,0;374,0
367,0;374,0
385,0;416,0
424,0;418,0
508,0;468,0
561,0;539,0
588,0;538,0
593,0;585,0
604,0;599,0
606,0;611,0
617,0;611,0
656,0;711,0
645,0;711,0
626,0;617,0
598,0;565,0
568,0;538,0
553,0;569,0
582,0;566,0
628,0;601,0
570,0;568,0
512,0;487,0
446,0;451,0
410,0;405,0
390,0;380,0
376,0;391,0
384,0;391,0
391,0;393,0
432,0;423,0
520,0;492,0
562,0;547,0
593,0;556,0
596,0;573,0
617,0;609,0
621,0;616,0
630,0;616,0
671,0;678,0
666,0;649,0
643,0;626,0
608,0;603,0
579,0;568,0
571,0;563,0
598,0;596,0
639,0;655,0
588,0;558,0
531,0;531,0
470,0;408,0
416,0;381,0
401,0;394,0
387,0;372,0
388,0;374,0
397,0;385,0
440,0;431,0
530,0;547,0
585,0;578,0
614,0;592,0
634,0;602,0
648,0;625,0
658,0;615,0
658,0;532,0
689,0;668,0
681,0;684,0
648,0;646,0
620,0;557,0
589,0;559,0
593,0;557,0
606,0;576,0
614,0;609,0
542,0;597,0
503,0;450,0
459,0;459,0
432,0;415,0
403,0;390,0
389,0;386,0
389,0;378,0
388,0;383,0
420,0;417,0
498,0;530,0
569,0;560,0
630,0;597,0
633,0;631,0
643,0;646,0
646,0;669,0
649,0;616,0
670,0;671,0
656,0;700,0
628,0;649,0
599,0;613,0
576,0;567,0
572,0;618,0
583,0;643,0
619,0;592,0
571,0;523,0
514,0;524,0
457,0;470,0
424,0;388,0
389,0;399,0
380,0;376,0
373,0;376,0
376,0;377,0
396,0;389,0
456,0;523,0
526,0;544,0
579,0;637,0
611,0;670,0
623,0;625,0
623,0;665,0
608,0;607,0
598,0;633,0
587,0;643,0
581,0;632,0
572,0;575,0
555,0;590,0
556,0;535,0
581,0;626,0
623,0;622,0
579,0;556,0
498,0;477,0
446,0;364,0
406,0;388,0
386,0;361,0
380,0;364,0
394,0;368,0
400,0;398,0
443,0;435,0
529,0;500,0
584,0;575,0
619,0;572,0
630,0;624,0
640,0;584,0
648,0;592,0
656,0;595,0
697,0;683,0
697,0;677,0
672,0;624,0
630,0;571,0
608,0;553,0
593,0;574,0
605,0;578,0
642,0;633,0
591,0;550,0
536,0;490,0
462,0;415,0
416,0;351,0
396,0;367,0
371,0;396,0
376,0;384,0
386,0;401,0
432,0;441,0
528,0;509,0
592,0;599,0
624,0;556,0
645,0;613,0
660,0;669,0
663,0;649,0
668,0;639,0
703,0;674,0
693,0;669,0
669,0;668,0
633,0;618,0
605,0;609,0
594,0;609,0
609,0;640,0
647,0;668,0
587,0;559,0
531,0;496,0
466,0;408,0
424,0;383,0
401,0;392,0
390,0;380,0
392,0;365,0
401,0;376,0
438,0;438,0
536,0;517,0
578,0;551,0
615,0;639,0
630,0;712,0
644,0;642,0
645,0;675,0
656,0;676,0
695,0;658,0
684,0;657,0
659,0;657,0
624,0;657,0
606,0;621,0
599,0;621,0
614,0;621,0
646,0;653,0
599,0;612,0
540,0;559,0
478,0;364,0
424,0;406,0
397,0;389,0
385,0;387,0
389,0;389,0
397,0;400,0
437,0;446,0
528,0;525,0
583,0;576,0
615,0;637,0
624,0;583,0
633,0;607,0
642,0;645,0
678,0;669,0
666,0;669,0
638,0;645,0
598,0;628,0
578,0;597,0
561,0;586,0
589,0;617,0
625,0;650,0
570,0;602,0
513,0;573,0
454,0;469,0
404,0;417,0
381,0;402,0
373,0;391,0
387,0;381,0
395,0;383,0
437,0;438,0
517,0;553,0
567,0;579,0
598,0;615,0
609,0;616,0
621,0;569,0
623,0;610,0
659,0;685,0
647,0;685,0
620,0;623,0
583,0;593,0
552,0;569,0
548,0;608,0
575,0;589,0
610,0;586,0
553,0;614,0
505,0;527,0
446,0;455,0
407,0;413,0
385,0;359,0
374,0;359,0
372,0;381,0
378,0;408,0
407,0;424,0
489,0;505,0
555,0;589,0
585,0;559,0
601,0;634,0
607,0;634,0
612,0;621,0
632,0;643,0
618,0;611,0
593,0;612,0
555,0;596,0
540,0;596,0
539,0;557,0
566,0;586,0
584,0;599,0
528,0;577,0
479,0;512,0
424,0;427,0
384,0;376,0
369,0;389,0
360,0;376,0
365,0;418,0
350,0;399,0
370,0;420,0
433,0;486,0
504,0;562,0
555,0;594,0
575,0;585,0
575,0;580,0
564,0;598,0
552,0;592,0
542,0;610,0
532,0;635,0
523,0;600,0
523,0;573,0
524,0;579,0
564,0;562,0
593,0;592,0
535,0;548,0
465,0;492,0
407,0;398,0
375,0;406,0
360,0;355,0
350,0;366,0
353,0;346,0
362,0;364,0
407,0;403,0
495,0;502,0
548,0;455,0
575,0;578,0
583,0;594,0
593,0;576,0
595,0;576,0
601,0;611,0
637,0;602,0
631,0;586,0
607,0;547,0
572,0;512,0
548,0;527,0
543,0;527,0
578,0;550,0
619,0;587,0
561,0;527,0
501,0;435,0
437,0;407,0
392,0;391,0
378,0;359,0
364,0;374,0
366,0;378,0
382,0;374,0
418,0;406,0
505,0;508,0
551,0;523,0
580,0;577,0
579,0;593,0
588,0;573,0
606,0;613,0
612,0;592,0
651,0;634,0
653,0;612,0
628,0;593,0
593,0;569,0
564,0;524,0
560,0;509,0
588,0;559,0
628,0;592,0
567,0;561,0
504,0;517,0
439,0;440,0
397,0;381,0
378,0;374,0
363,0;376,0
367,0;391,0
370,0;373,0
414,0;443,0
502,0;534,0
557,0;542,0
576,0;556,0
591,0;573,0
603,0;605,0
612,0;601,0
626,0;601,0
666,0;670,0
655,0;634,0
631,0;626,0
594,0;578,0
571,0;535,0
564,0;535,0
591,0;623,0
624,0;624,0
571,0;567,0
511,0;495,0
449,0;437,0
406,0;391,0
393,0;386,0
380,0;368,0
385,0;384,0
387,0;366,0
429,0;424,0
510,0;527,0
561,0;549,0
597,0;587,0
608,0;585,0
621,0;567,0
634,0;583,0
638,0;658,0
675,0;681,0
669,0;681,0
644,0;620,0
612,0;620,0
588,0;570,0
574,0;593,0
604,0;575,0
631,0;609,0
581,0;560,0
531,0;512,0
463,0;444,0
419,0;360,0
397,0;380,0
389,0;397,0
388,0;389,0
402,0;396,0
437,0;428,0
528,0;526,0
596,0;560,0
624,0;602,0
637,0;611,0
648,0;636,0
658,0;646,0
663,0;592,0
691,0;671,0
675,0;655,0
645,0;649,0
618,0;622,0
600,0;576,0
591,0;564,0
615,0;626,0
632,0;594,0
574,0;578,0
522,0;501,0
471,0;449,0
424,0;363,0
398,0;395,0
390,0;406,0
398,0;389,0
399,0;403,0
427,0;452,0
512,0;491,0
578,0;542,0
614,0;651,0
621,0;639,0
634,0;656,0
635,0;654,0
646,0;654,0
670,0;745,0
659,0;671,0
629,0;616,0
598,0;575,0
575,0;607,0
564,0;585,0
582,0;602,0
608,0;631,0
552,0;536,0
506,0;540,0
451,0;469,0
399,0;424,0
377,0;392,0
364,0;391,0
363,0;411,0
355,0;411,0
361,0;387,0
433,0;482,0
491,0;606,0
552,0;621,0
580,0;613,0
595,0;620,0
611,0;618,0
594,0;608,0
585,0;598,0
575,0;655,0
571,0;586,0
569,0;576,0
562,0;566,0
554,0;558,0
579,0;605,0
614,0;573,0
564,0;558,0
502,0;505,0
439,0;446,0
395,0;416,0
370,0;396,0
365,0;388,0
370,0;373,0
379,0;390,0
415,0;396,0
516,0;497,0
575,0;540,0
617,0;518,0
638,0;586,0
645,0;676,0
653,0;583,0
656,0;656,0
693,0;697,0
683,0;677,0
654,0;652,0
625,0;609,0
593,0;584,0
578,0;552,0
613,0;517,0
626,0;628,0
563,0;569,0
512,0;488,0
383,0;376,0
405,0;425,0
491,0;509,0
551,0;581,0
590,0;601,0
597,0;658,0
599,0;673,0
598,0;663,0
601,0;670,0
638,0;703,0
629,0;669,0
603,0;644,0
572,0;608,0
547,0;579,0
546,0;592,0
592,0;605,0
607,0;515,0
543,0;541,0
483,0;522,0
373,0;390,0
410,0;397,0
492,0;508,0
549,0;572,0
581,0;616,0
590,0;608,0
587,0;588,0
594,0;608,0
600,0;608,0
635,0;594,0
621,0;600,0
597,0;600,0
566,0;577,0
544,0;542,0
535,0;542,0
577,0;590,0
597,0;579,0
541,0;528,0
484,0;474,0
373,0;363,0
406,0;376,0
491,0;525,0
542,0;518,0
579,0;555,0
591,0;626,0
596,0;614,0
592,0;614,0
600,0;636,0
632,0;590,0
619,0;629,0
594,0;600,0
565,0;593,0
541,0;567,0
548,0;567,0
589,0;606,0
602,0;594,0
541,0;560,0
481,0;495,0
370,0;369,0
403,0;395,0
499,0;458,0
555,0;539,0
594,0;596,0
604,0;590,0
618,0;590,0
617,0;604,0
612,0;632,0
650,0;625,0
644,0;621,0
618,0;602,0
585,0;564,0
558,0;559,0
547,0;557,0
578,0;579,0
607,0;609,0
554,0;550,0
507,0;497,0
381,0;401,0
399,0;403,0
477,0;491,0
546,0;557,0
585,0;590,0
605,0;621,0
607,0;601,0
607,0;601,0
606,0;641,0
631,0;647,0
618,0;632,0
592,0;612,0
563,0;575,0
547,0;547,0
535,0;547,0
568,0;566,0
592,0;633,0
532,0;544,0
485,0;500,0
364,0;390,0
427,0;486,0
510,0;540,0
568,0;596,0
599,0;599,0
599,0;553,0
602,0;613,0
592,0;621,0
575,0;572,0
574,0;565,0
568,0;565,0
562,0;555,0
538,0;574,0
534,0;542,0
571,0;517,0
597,0;595,0
544,0;525,0
473,0;495,0
405,0;410,0
511,0;502,0
574,0;581,0
616,0;584,0
631,0;605,0
642,0;563,0
649,0;601,0
662,0;595,0
688,0;621,0
678,0;602,0
656,0;589,0
622,0;578,0
594,0;518,0
574,0;519,0
614,0;560,0
642,0;615,0
578,0;556,0
519,0;463,0
425,0;413,0
504,0;497,0
553,0;581,0
597,0;588,0
622,0;619,0
633,0;639,0
647,0;662,0
647,0;662,0
687,0;669,0
684,0;669,0
655,0;647,0
624,0;586,0
591,0;546,0
579,0;586,0
612,0;626,0
631,0;622,0
573,0;577,0
518,0;543,0
430,0;396,0
517,0;508,0
562,0;549,0
604,0;602,0
621,0;612,0
650,0;657,0
655,0;695,0
661,0;657,0
700,0;658,0
689,0;659,0
650,0;627,0
621,0;588,0
606,0;545,0
595,0;541,0
632,0;608,0
641,0;623,0
580,0;555,0
525,0;511,0
400,0;391,0
431,0;441,0
528,0;494,0
583,0;547,0
619,0;616,0
635,0;604,0
653,0;659,0
667,0;722,0
676,0;601,0
712,0;659,0
695,0;667,0
664,0;643,0
632,0;604,0
623,0;567,0
617,0;586,0
646,0;681,0
647,0;660,0
587,0;594,0
534,0;533,0
474,0;430,0
427,0;397,0
406,0;416,0
397,0;361,0
399,0;391,0
413,0;377,0
450,0;430,0
545,0;611,0
598,0;580,0
644,0;569,0
667,0;613,0
688,0;665,0
699,0;635,0
699,0;677,0
716,0;712,0
705,0;667,0
678,0;699,0
645,0;638,0
620,0;578,0
605,0;578,0
640,0;664,0
650,0;650,0
591,0;560,0
543,0;570,0
494,0;474,0
444,0;403,0
416,0;397,0
413,0;390,0
412,0;399,0
412,0;429,0
429,0;445,0
521,0;555,0
585,0;642,0
639,0;639,0
656,0;630,0
659,0;676,0
665,0;681,0
662,0;695,0
689,0;716,0
677,0;705,0
655,0;662,0
627,0;597,0
611,0;632,0
596,0;567,0
640,0;663,0
638,0;649,0
585,0;559,0
537,0;513,0
486,0;477,0
445,0;433,0
412,0;427,0
404,0;417,0
401,0;417,0
399,0;418,0
412,0;450,0
471,0;549,0
549,0;615,0
609,0;634,0
635,0;614,0
644,0;671,0
649,0;585,0
638,0;665,0
613,0;705,0
596,0;705,0
590,0;665,0
579,0;632,0
570,0;632,0
567,0;578,0
622,0;669,0
625,0;639,0
567,0;588,0
499,0;539,0
447,0;471,0
411,0;433,0
392,0;427,0
387,0;397,0
382,0;368,0
390,0;411,0
422,0;409,0
505,0;509,0
558,0;618,0
596,0;630,0
608,0;643,0
615,0;611,0
610,0;594,0
613,0;575,0
646,0;575,0
638,0;653,0
614,0;677,0
587,0;604,0
566,0;604,0
571,0;563,0
616,0;634,0
609,0;586,0
544,0;595,0
492,0;478,0
444,0;425,0
407,0;428,0
386,0;420,0
376,0;420,0
388,0;386,0
398,0;372,0
431,0;424,0
517,0;514,0
569,0;630,0
610,0;598,0
632,0;609,0
639,0;569,0
646,0;575,0
663,0;575,0
695,0;649,0
690,0;649,0
670,0;663,0
635,0;596,0
602,0;580,0
586,0;580,0
634,0;607,0
639,0;603,0
573,0;523,0
521,0;475,0
459,0;431,0
420,0;423,0
399,0;380,0
388,0;380,0
387,0;386,0
403,0;401,0
430,0;404,0
515,0;514,0
578,0;544,0
620,0;611,0
638,0;605,0
660,0;640,0
668,0;640,0
677,0;669,0
713,0;686,0
702,0;677,0
675,0;713,0
643,0;605,0
613,0;594,0
602,0;553,0
650,0;627,0
658,0;618,0
592,0;550,0
537,0;497,0
476,0;474,0
438,0;424,0
414,0;390,0
421,0;388,0
452,0;413,0
539,0;529,0
599,0;549,0
643,0;615,0
658,0;441,0
666,0;668,0
675,0;620,0
687,0;496,0
725,0;673,0
712,0;673,0
678,0;687,0
638,0;569,0
626,0;606,0
617,0;621,0
663,0;620,0
659,0;666,0
592,0;552,0
533,0;548,0
476,0;461,0
434,0;403,0
411,0;416,0
415,0;377,0
446,0;425,0
536,0;611,0
583,0;615,0
632,0;651,0
658,0;654,0
670,0;649,0
686,0;655,0
683,0;685,0
720,0;689,0
700,0;677,0
670,0;665,0
642,0;579,0
619,0;585,0
601,0;578,0
648,0;637,0
642,0;632,0
576,0;567,0
521,0;499,0
471,0;432,0
434,0;445,0
416,0;368,0
404,0;431,0
422,0;396,0
502,0;550,0
565,0;574,0
606,0;628,0
623,0;635,0
629,0;691,0
626,0;634,0
616,0;667,0
623,0;689,0
604,0;596,0
587,0;616,0
563,0;626,0
550,0;645,0
557,0;578,0
600,0;611,0
580,0;568,0
520,0;598,0
473,0;543,0
427,0;494,0
391,0;393,0
382,0;417,0
373,0;376,0
374,0;396,0
428,0;452,0
500,0;601,0
553,0;602,0
579,0;634,0
581,0;643,0
574,0;685,0
570,0;646,0
555,0;646,0
546,0;570,0
545,0;655,0
536,0;577,0
531,0;577,0
549,0;617,0
603,0;595,0
587,0;563,0
524,0;547,0
461,0;500,0
412,0;444,0
367,0;381,0
357,0;381,0
362,0;385,0
383,0;404,0
415,0;396,0
503,0;496,0
568,0;534,0
597,0;577,0
603,0;593,0
606,0;608,0
610,0;604,0
615,0;606,0
643,0;610,0
635,0;615,0
608,0;565,0
576,0;565,0
556,0;567,0
558,0;557,0
620,0;615,0
613,0;591,0
540,0;540,0
481,0;510,0
427,0;457,0
374,0;405,0
359,0;370,0
370,0;370,0
386,0;400,0
413,0;425,0
507,0;491,0
552,0;554,0
594,0;593,0
604,0;590,0
608,0;598,0
616,0;598,0
625,0;598,0
656,0;651,0
633,0;651,0
627,0;601,0
590,0;556,0
562,0;568,0
567,0;569,0
640,0;624,0
625,0;602,0
546,0;531,0
487,0;475,0
443,0;377,0
377,0;370,0
366,0;356,0
370,0;377,0
395,0;376,0
422,0;422,0
513,0;498,0
562,0;559,0
616,0;584,0
627,0;615,0
634,0;604,0
667,0;604,0
668,0;613,0
719,0;655,0
671,0;655,0
632,0;631,0
593,0;578,0
561,0;564,0
569,0;588,0
643,0;649,0
610,0;637,0
533,0;534,0
486,0;476,0
430,0;563,0
384,0;356,0
375,0;364,0
379,0;384,0
391,0;391,0
424,0;420,0
498,0;500,0
563,0;562,0
596,0;628,0
633,0;650,0
625,0;603,0
627,0;528,0
636,0;659,0
672,0;516,0
665,0;684,0
638,0;644,0
602,0;622,0
581,0;574,0
576,0;561,0
642,0;666,0
622,0;618,0
556,0;525,0
496,0;518,0
433,0;458,0
395,0;389,0
378,0;353,0
369,0;363,0
374,0;397,0
398,0;377,0
428,0;428,0
513,0;436,0
569,0;557,0
606,0;599,0
620,0;579,0
638,0;658,0
646,0;624,0
646,0;579,0
668,0;690,0
671,0;670,0
650,0;610,0
613,0;612,0
578,0;591,0
582,0;579,0
643,0;647,0
619,0;631,0
558,0;549,0
499,0;524,0
454,0;415,0
391,0;378,0
378,0;370,0
379,0;371,0
395,0;401,0
409,0;421,0
500,0;525,0
563,0;592,0
608,0;602,0
622,0;644,0
634,0;660,0
647,0;592,0
650,0;557,0
675,0;619,0
657,0;629,0
630,0;650,0
598,0;618,0
577,0;554,0
582,0;555,0
639,0;625,0
609,0;615,0
546,0;620,0
491,0;481,0
441,0;481,0
386,0;388,0
376,0;376,0
377,0;376,0
384,0;376,0
376,0;437,0
435,0;454,0
511,0;567,0
578,0;596,0
601,0;619,0
604,0;658,0
605,0;621,0
596,0;630,0
580,0;599,0
575,0;596,0
565,0;571,0
562,0;616,0
555,0;600,0
576,0;555,0
612,0;650,0
579,0;605,0
514,0;610,0
448,0;511,0
396,0;415,0
353,0;364,0
343,0;370,0
346,0;380,0
363,0;404,0
402,0;435,0
498,0;527,0
554,0;581,0
581,0;642,0
582,0;559,0
601,0;563,0
604,0;607,0
606,0;639,0
636,0;662,0
625,0;627,0
603,0;617,0
562,0;549,0
548,0;532,0
583,0;572,0
632,0;618,0
598,0;545,0
526,0;518,0
459,0;448,0
418,0;394,0
371,0;373,0
358,0;374,0
363,0;374,0
390,0;380,0
422,0;401,0
507,0;504,0
557,0;553,0
576,0;594,0
582,0;555,0
585,0;615,0
598,0;615,0
602,0;594,0
631,0;677,0
619,0;602,0
599,0;565,0
570,0;558,0
541,0;558,0
565,0;574,0
632,0;607,0
601,0;593,0
523,0;508,0
468,0;468,0
416,0;400,0
370,0;367,0
357,0;371,0
366,0;385,0
380,0;386,0
413,0;411,0
498,0;504,0
550,0;541,0
582,0;577,0
590,0;577,0
594,0;612,0
597,0;625,0
606,0;601,0
638,0;579,0
634,0;667,0
609,0;609,0
575,0;560,0
552,0;538,0
564,0;581,0
636,0;585,0
605,0;545,0
527,0;523,0
464,0;476,0
419,0;422,0
370,0;367,0
361,0;376,0
358,0;376,0
386,0;377,0
417,0;377,0
511,0;491,0
551,0;494,0
575,0;547,0
587,0;588,0
594,0;589,0
600,0;618,0
611,0;618,0
647,0;640,0
638,0;632,0
607,0;553,0
571,0;577,0
545,0;555,0
561,0;560,0
637,0;634,0
607,0;621,0
531,0;523,0
476,0;459,0
421,0;424,0
369,0;381,0
362,0;360,0
365,0;352,0
385,0;363,0
418,0;418,0
502,0;535,0
550,0;544,0
572,0;588,0
589,0;580,0
594,0;608,0
600,0;609,0
598,0;593,0
642,0;666,0
634,0;647,0
605,0;624,0
577,0;594,0
549,0;532,0
564,0;595,0
616,0;635,0
590,0;611,0
527,0;539,0
472,0;442,0
426,0;428,0
388,0;388,0
376,0;374,0
366,0;373,0
368,0;378,0
386,0;362,0
402,0;424,0
485,0;484,0
542,0;551,0
590,0;536,0
596,0;614,0
604,0;583,0
605,0;592,0
619,0;566,0
657,0;579,0
643,0;625,0
617,0;613,0
580,0;567,0
556,0;504,0
565,0;574,0
623,0;619,0
594,0;570,0
521,0;545,0
477,0;494,0
432,0;399,0
393,0;401,0
370,0;388,0
364,0;378,0
369,0;385,0
375,0;380,0
376,0;410,0
449,0;468,0
523,0;553,0
584,0;592,0
601,0;613,0
605,0;609,0
605,0;588,0
602,0;599,0
588,0;722,0
573,0;565,0
570,0;602,0
565,0;555,0
549,0;594,0
561,0;578,0
626,0;667,0
587,0;600,0
519,0;540,0
451,0;496,0
395,0;411,0
367,0;411,0
357,0;355,0
356,0;355,0
357,0;355,0
374,0;349,0
414,0;405,0
499,0;540,0
545,0;546,0
572,0;585,0
586,0;617,0
601,0;641,0
613,0;588,0
625,0;572,0
658,0;677,0
640,0;654,0
622,0;625,0
587,0;609,0
575,0;549,0
613,0;518,0
642,0;644,0
596,0;549,0
523,0;459,0
462,0;429,0
417,0;395,0
384,0;398,0
367,0;380,0
362,0;377,0
366,0;377,0
386,0;346,0
417,0;419,0
499,0;496,0
549,0;552,0
587,0;588,0
589,0;595,0
602,0;620,0
614,0;624,0
627,0;596,0
659,0;662,0
652,0;603,0
628,0;633,0
590,0;609,0
567,0;541,0
602,0;612,0
654,0;621,0
611,0;586,0
538,0;523,0
478,0;446,0
424,0;431,0
394,0;387,0
374,0;392,0
370,0;326,0
378,0;374,0
402,0;397,0
437,0;413,0
523,0;520,0
573,0;550,0
606,0;577,0
606,0;592,0
609,0;613,0
614,0;623,0
623,0;611,0
673,0;710,0
664,0;685,0
642,0;623,0
606,0;601,0
576,0;601,0
603,0;617,0
657,0;443,0
617,0;641,0
539,0;484,0
475,0;443,0
426,0;441,0
388,0;378,0
364,0;383,0
358,0;347,0
368,0;364,0
384,0;395,0
426,0;422,0
522,0;480,0
565,0;546,0
612,0;598,0
630,0;641,0
648,0;620,0
670,0;576,0
683,0;638,0
730,0;568,0
716,0;568,0
702,0;630,0
672,0;609,0
652,0;583,0
705,0;616,0
758,0;625,0
709,0;621,0
612,0;535,0
522,0;497,0
441,0;419,0
387,0;377,0
368,0;374,0
350,0;344,0
356,0;344,0
422,0;350,0
510,0;419,0
554,0;505,0
522,0;588,0
520,0;582,0
505,0;709,0
487,0;639,0
482,0;646,0
479,0;669,0
490,0;497,0
483,0;518,0
475,0;516,0
464,0;702,0
464,0;639,0
499,0;528,0
549,0;503,0
524,0;733,0
476,0;597,0
437,0;485,0
390,0;446,0
360,0;394,0
346,0;346,0
340,0;339,0
339,0;376,0
351,0;417,0
364,0;507,0
437,0;532,0
507,0;559,0
553,0;588,0
567,0;588,0
569,0;522,0
561,0;512,0
560,0;512,0
577,0;542,0
577,0;542,0
549,0;523,0
533,0;512,0
521,0;560,0
561,0;561,0
589,0;559,0
555,0;558,0
484,0;461,0
443,0;480,0
399,0;363,0
371,0;398,0
358,0;343,0
345,0;345,0
356,0;341,0
362,0;410,0
367,0;444,0
435,0;481,0
524,0;531,0
591,0;562,0
611,0;602,0
601,0;641,0
590,0;617,0
575,0;626,0
556,0;626,0
549,0;575,0
545,0;595,0
536,0;595,0
551,0;573,0
600,0;585,0
621,0;600,0
574,0;600,0
508,0;500,0
438,0;424,0
388,0;402,0
354,0;377,0
344,0;354,0
334,0;337,0
335,0;356,0
368,0;397,0
422,0;383,0
510,0;535,0
558,0;525,0
578,0;546,0
588,0;592,0
583,0;591,0
580,0;564,0
579,0;583,0
604,0;580,0
608,0;579,0
592,0;527,0
561,0;504,0
551,0;592,0
612,0;583,0
638,0;645,0
588,0;545,0
514,0;509,0
452,0;398,0
403,0;387,0
370,0;370,0
358,0;344,0
350,0;336,0
361,0;336,0
388,0;377,0
443,0;402,0
530,0;468,0
569,0;561,0
586,0;571,0
577,0;589,0
584,0;599,0
582,0;565,0
587,0;565,0
617,0;565,0
620,0;617,0
606,0;552,0
576,0;577,0
566,0;550,0
621,0;622,0
655,0;656,0
602,0;585,0
517,0;513,0
459,0;448,0
412,0;404,0
376,0;377,0
364,0;385,0
357,0;361,0
357,0;338,0
393,0;415,0
443,0;424,0
524,0;532,0
557,0;550,0
572,0;583,0
567,0;596,0
561,0;550,0
563,0;596,0
564,0;603,0
601,0;637,0
595,0;600,0
582,0;564,0
556,0;578,0
550,0;583,0
621,0;655,0
652,0;673,0
600,0;587,0
521,0;512,0
456,0;461,0
413,0;447,0
379,0;393,0
367,0;363,0
363,0;372,0
367,0;370,0
399,0;401,0
446,0;466,0
534,0;564,0
574,0;550,0
600,0;577,0
598,0;581,0
598,0;575,0
601,0;553,0
603,0;553,0
647,0;609,0
641,0;585,0
624,0;601,0
591,0;568,0
585,0;559,0
644,0;639,0
647,0;642,0
602,0;599,0
521,0;541,0
456,0;459,0
415,0;415,0
379,0;377,0
366,0;369,0
352,0;372,0
363,0;362,0
397,0;360,0
445,0;453,0
537,0;551,0
577,0;568,0
589,0;590,0
590,0;592,0
590,0;593,0
589,0;585,0
589,0;611,0
628,0;622,0
620,0;622,0
599,0;611,0
569,0;621,0
566,0;577,0
627,0;628,0
635,0;648,0
582,0;604,0
511,0;521,0
458,0;456,0
415,0;428,0
384,0;369,0
365,0;381,0
351,0;356,0
359,0;381,0
384,0;407,0
407,0;466,0
492,0;535,0
552,0;570,0
589,0;567,0
603,0;594,0
600,0;597,0
598,0;581,0
597,0;581,0
628,0;631,0
621,0;580,0
594,0;593,0
563,0;560,0
560,0;578,0
615,0;607,0
624,0;655,0
566,0;595,0
496,0;513,0
451,0;448,0
408,0;420,0
375,0;375,0
356,0;349,0
349,0;341,0
351,0;340,0
358,0;388,0
369,0;445,0
443,0;543,0
533,0;595,0
600,0;577,0
615,0;576,0
608,0;594,0
591,0;593,0
574,0;593,0
555,0;599,0
545,0;599,0
557,0;585,0
561,0;564,0
574,0;563,0
649,0;631,0
648,0;637,0
589,0;602,0
507,0;498,0
432,0;451,0
384,0;437,0
362,0;364,0
354,0;401,0
345,0;368,0
344,0;385,0
368,0;362,0
426,0;399,0
513,0;493,0
559,0;551,0
585,0;583,0
578,0;596,0
584,0;595,0
589,0;601,0
596,0;568,0
634,0;605,0
627,0;596,0
611,0;591,0
576,0;555,0
567,0;581,0
623,0;707,0
617,0;616,0
583,0;575,0
512,0;495,0
447,0;434,0
407,0;380,0
385,0;380,0
365,0;362,0
359,0;364,0
366,0;364,0
395,0;346,0
446,0;417,0
530,0;499,0
564,0;566,0
589,0;550,0
585,0;600,0
586,0;624,0
589,0;624,0
592,0;616,0
624,0;643,0
618,0;643,0
606,0;585,0
590,0;578,0
585,0;578,0
652,0;632,0
650,0;632,0
596,0;574,0
521,0;511,0
462,0;466,0
411,0;420,0
384,0;379,0
372,0;356,0
362,0;349,0
364,0;349,0
398,0;388,0
451,0;453,0
536,0;527,0
577,0;548,0
600,0;567,0
603,0;609,0
599,0;609,0
595,0;568,0
597,0;550,0
631,0;633,0
629,0;614,0
611,0;606,0
574,0;569,0
568,0;569,0
647,0;637,0
650,0;613,0
598,0;598,0
519,0;503,0
455,0;473,0
411,0;393,0
377,0;376,0
367,0;364,0
353,0;342,0
364,0;350,0
394,0;383,0
443,0;452,0
533,0;510,0
570,0;601,0
599,0;611,0
591,0;584,0
589,0;591,0
585,0;601,0
594,0;614,0
629,0;620,0
622,0;603,0
606,0;607,0
576,0;594,0
565,0;578,0
645,0;645,0
654,0;648,0
605,0;599,0
534,0;527,0
471,0;464,0
422,0;420,0
387,0;355,0
372,0;385,0
361,0;370,0
370,0;359,0
406,0;369,0
454,0;448,0
531,0;532,0
572,0;547,0
597,0;612,0
595,0;618,0
594,0;585,0
587,0;593,0
581,0;586,0
619,0;644,0
622,0;643,0
603,0;595,0
568,0;555,0
560,0;555,0
636,0;658,0
636,0;665,0
590,0;586,0
513,0;531,0
457,0;457,0
412,0;428,0
382,0;383,0
371,0;378,0
356,0;348,0
359,0;325,0
376,0;412,0
404,0;451,0
489,0;512,0
551,0;599,0
601,0;599,0
602,0;567,0
602,0;604,0
595,0;662,0
596,0;600,0
627,0;626,0
619,0;622,0
599,0;601,0
564,0;584,0
555,0;588,0
629,0;644,0
623,0;655,0
568,0;604,0
503,0;538,0
451,0;377,0
414,0;385,0
381,0;374,0
358,0;372,0
359,0;364,0
362,0;366,0
371,0;355,0
379,0;417,0
449,0;493,0
541,0;572,0
599,0;592,0
617,0;587,0
605,0;589,0
589,0;614,0
590,0;609,0
588,0;624,0
571,0;624,0
564,0;642,0
552,0;614,0
567,0;545,0
654,0;642,0
644,0;630,0
579,0;547,0
501,0;512,0
436,0;465,0
386,0;380,0
365,0;353,0
352,0;353,0
343,0;353,0
346,0;352,0
379,0;352,0
442,0;410,0
532,0;464,0
573,0;529,0
598,0;584,0
587,0;624,0
592,0;609,0
586,0;610,0
586,0;560,0
616,0;559,0
613,0;567,0
608,0;567,0
579,0;528,0
578,0;579,0
660,0;608,0
650,0;628,0
600,0;589,0
516,0;521,0
457,0;457,0
415,0;391,0
388,0;330,0
367,0;330,0
364,0;330,0
366,0;367,0
394,0;367,0
452,0;426,0
532,0;475,0
575,0;568,0
587,0;584,0
588,0;622,0
589,0;570,0
588,0;580,0
596,0;589,0
626,0;616,0
638,0;616,0
624,0;625,0
586,0;591,0
582,0;579,0
655,0;655,0
636,0;615,0
594,0;570,0
520,0;513,0
452,0;459,0
409,0;416,0
385,0;381,0
371,0;363,0
367,0;361,0
368,0;371,0
402,0;385,0
458,0;423,0
550,0;574,0
607,0;594,0
635,0;584,0
632,0;568,0
615,0;565,0
611,0;591,0
615,0;591,0
652,0;652,0
646,0;590,0
641,0;652,0
620,0;610,0
636,0;578,0
681,0;696,0
653,0;660,0
618,0;597,0
534,0;534,0
478,0;420,0
396,0;402,0
376,0;379,0
373,0;372,0
371,0;367,0
400,0;400,0
471,0;445,0
560,0;540,0
606,0;597,0
632,0;589,0
635,0;599,0
642,0;618,0
636,0;594,0
640,0;593,0
671,0;650,0
672,0;650,0
647,0;604,0
617,0;628,0
613,0;668,0
688,0;686,0
677,0;662,0
635,0;617,0
552,0;532,0
490,0;498,0
395,0;396,0
381,0;376,0
368,0;397,0
375,0;397,0
411,0;419,0
474,0;455,0
573,0;528,0
612,0;592,0
627,0;608,0
624,0;702,0
613,0;656,0
602,0;668,0
594,0;613,0
631,0;621,0
633,0;621,0
615,0;642,0
591,0;639,0
602,0;566,0
680,0;690,0
650,0;651,0
612,0;596,0
543,0;540,0
487,0;481,0
405,0;400,0
383,0;378,0
376,0;344,0
373,0;360,0
394,0;433,0
429,0;500,0
514,0;576,0
580,0;638,0
615,0;619,0
616,0;620,0
604,0;587,0
593,0;601,0
589,0;601,0
623,0;639,0
617,0;639,0
593,0;642,0
564,0;606,0
595,0;592,0
671,0;686,0
641,0;646,0
592,0;638,0
526,0;540,0
472,0;434,0
391,0;394,0
372,0;355,0
361,0;360,0
362,0;375,0
376,0;390,0
390,0;367,0
453,0;515,0
541,0;619,0
609,0;615,0
624,0;605,0
630,0;667,0
599,0;584,0
585,0;559,0
574,0;608,0
593,0;623,0
604,0;620,0
605,0;608,0
624,0;614,0
700,0;755,0
671,0;665,0
618,0;584,0
532,0;523,0
453,0;448,0
401,0;398,0
369,0;397,0
351,0;363,0
352,0;340,0
356,0;366,0
389,0;378,0
459,0;362,0
553,0;512,0
593,0;492,0
613,0;592,0
621,0;587,0
602,0;648,0
604,0;587,0
606,0;596,0
651,0;611,0
654,0;598,0
645,0;582,0
627,0;569,0
653,0;639,0
690,0;692,0
653,0;664,0
611,0;593,0
541,0;514,0
478,0;475,0
431,0;419,0
396,0;354,0
385,0;372,0
378,0;356,0
382,0;364,0
409,0;374,0
479,0;483,0
571,0;571,0
604,0;548,0
632,0;570,0
624,0;621,0
622,0;638,0
612,0;602,0
611,0;564,0
650,0;642,0
646,0;635,0
632,0;477,0
602,0;570,0
623,0;644,0
703,0;694,0
675,0;663,0
628,0;617,0
550,0;508,0
487,0;481,0
437,0;414,0
404,0;406,0
390,0;377,0
380,0;376,0
382,0;374,0
420,0;390,0
490,0;496,0
578,0;585,0
606,0;482,0
609,0;622,0
611,0;615,0
609,0;626,0
609,0;609,0
609,0;570,0
645,0;659,0
649,0;634,0
632,0;600,0
604,0;640,0
630,0;608,0
704,0;694,0
681,0;624,0
636,0;605,0
558,0;584,0
499,0;487,0
440,0;442,0
403,0;388,0
385,0;379,0
377,0;362,0
385,0;389,0
419,0;419,0
484,0;487,0
567,0;573,0
610,0;600,0
638,0;604,0
630,0;585,0
633,0;604,0
631,0;560,0
630,0;611,0
674,0;635,0
672,0;660,0
655,0;637,0
632,0;607,0
664,0;655,0
705,0;700,0
675,0;655,0
629,0;639,0
558,0;584,0
490,0;495,0
431,0;440,0
402,0;419,0
383,0;387,0
381,0;357,0
385,0;387,0
426,0;385,0
506,0;489,0
587,0;554,0
622,0;628,0
639,0;559,0
629,0;637,0
619,0;628,0
601,0;606,0
590,0;653,0
631,0;622,0
632,0;694,0
622,0;620,0
597,0;601,0
637,0;622,0
684,0;692,0
654,0;649,0
614,0;639,0
543,0;558,0
492,0;495,0
443,0;440,0
406,0;399,0
381,0;350,0
373,0;393,0
377,0;393,0
395,0;421,0
432,0;495,0
514,0;532,0
571,0;636,0
605,0;632,0
599,0;608,0
594,0;608,0
582,0;600,0
581,0;600,0
616,0;617,0
613,0;617,0
588,0;596,0
568,0;582,0
599,0;669,0
662,0;690,0
629,0;636,0
579,0;658,0
519,0;543,0
469,0;495,0
418,0;438,0
384,0;399,0
359,0;363,0
350,0;369,0
351,0;359,0
362,0;414,0
386,0;399,0
444,0;520,0
538,0;601,0
601,0;598,0
614,0;611,0
605,0;611,0
587,0;615,0
573,0;559,0
560,0;611,0
566,0;611,0
567,0;588,0
571,0;573,0
632,0;654,0
723,0;677,0
688,0;694,0
629,0;597,0
541,0;531,0
464,0;477,0
404,0;431,0
376,0;410,0
364,0;380,0
357,0;380,0
367,0;364,0
399,0;376,0
483,0;477,0
582,0;566,0
619,0;592,0
630,0;607,0
615,0;649,0
610,0;562,0
596,0;563,0
594,0;571,0
620,0;612,0
619,0;584,0
608,0;563,0
585,0;589,0
628,0;637,0
691,0;680,0
666,0;670,0
625,0;679,0
547,0;489,0
481,0;462,0
431,0;419,0
399,0;387,0
382,0;396,0
374,0;390,0
377,0;382,0
407,0;398,0
490,0;475,0
576,0;582,0
619,0;625,0
629,0;589,0
616,0;605,0
601,0;575,0
588,0;587,0
590,0;587,0
627,0;629,0
631,0;629,0
613,0;600,0
596,0;599,0
640,0;608,0
698,0;702,0
665,0;669,0
621,0;629,0
543,0;538,0
478,0;468,0
426,0;418,0
386,0;386,0
372,0;387,0
363,0;353,0
373,0;372,0
406,0;394,0
486,0;488,0
571,0;557,0
607,0;624,0
622,0;653,0
613,0;640,0
603,0;593,0
594,0;573,0
594,0;598,0
628,0;635,0
636,0;635,0
614,0;634,0
590,0;619,0
631,0;669,0
691,0;694,0
658,0;529,0
617,0;589,0
541,0;571,0
479,0;446,0
426,0;402,0
378,0;402,0
383,0;379,0
372,0;389,0
378,0;341,0
409,0;416,0
480,0;462,0
558,0;615,0
609,0;617,0
626,0;654,0
617,0;560,0
606,0;652,0
594,0;574,0
597,0;618,0
637,0;607,0
635,0;607,0
622,0;637,0
599,0;565,0
641,0;636,0
706,0;692,0
668,0;635,0
631,0;577,0
556,0;526,0
498,0;458,0
441,0;425,0
404,0;422,0
384,0;358,0
380,0;363,0
379,0;384,0
411,0;405,0
486,0;503,0
568,0;536,0
611,0;631,0
636,0;654,0
639,0;631,0
647,0;582,0
652,0;613,0
648,0;593,0
683,0;658,0
676,0;658,0
666,0;629,0
652,0;593,0
680,0;634,0
691,0;704,0
662,0;641,0
620,0;629,0
559,0;563,0
507,0;473,0
453,0;440,0
420,0;388,0
399,0;387,0
386,0;387,0
386,0;399,0
405,0;386,0
452,0;492,0
521,0;595,0
575,0;583,0
623,0;636,0
635,0;596,0
636,0;601,0
635,0;604,0
637,0;604,0
675,0;635,0
669,0;637,0
651,0;675,0
632,0;637,0
648,0;675,0
656,0;696,0
643,0;696,0
605,0;644,0
544,0;586,0
487,0;527,0
446,0;464,0
404,0;392,0
390,0;397,0
379,0;370,0
378,0;390,0
390,0;395,0
423,0;486,0
480,0;600,0
567,0;572,0
639,0;654,0
663,0;644,0
655,0;606,0
636,0;632,0
614,0;647,0
599,0;682,0
597,0;614,0
612,0;599,0
625,0;614,0
688,0;612,0
727,0;707,0
699,0;677,0
645,0;616,0
567,0;542,0
485,0;434,0
434,0;467,0
391,0;423,0
382,0;398,0
373,0;398,0
376,0;331,0
413,0;382,0
503,0;448,0
593,0;533,0
636,0;598,0
658,0;626,0
644,0;626,0
626,0;653,0
614,0;649,0
610,0;654,0
644,0;599,0
651,0;599,0
626,0;585,0
609,0;684,0
668,0;685,0
708,0;698,0
671,0;669,0
640,0;626,0
568,0;560,0
505,0;500,0
444,0;433,0
403,0;421,0
385,0;369,0
382,0;348,0
393,0;348,0
419,0;446,0
508,0;502,0
591,0;582,0
618,0;608,0
643,0;677,0
625,0;647,0
619,0;653,0
607,0;576,0
606,0;620,0
636,0;667,0
636,0;670,0
627,0;612,0
615,0;612,0
671,0;626,0
695,0;672,0
667,0;668,0
616,0;615,0
546,0;581,0
483,0;514,0
425,0;436,0
388,0;279,0
371,0;406,0
363,0;354,0
367,0;387,0
399,0;414,0
489,0;512,0
574,0;571,0
615,0;617,0
624,0;619,0
614,0;591,0
604,0;677,0
597,0;592,0
588,0;628,0
615,0;622,0
622,0;653,0
607,0;614,0
592,0;612,0
650,0;668,0
689,0;718,0
654,0;681,0
617,0;576,0
537,0;507,0
480,0;446,0
424,0;423,0
380,0;378,0
368,0;375,0
358,0;373,0
367,0;373,0
405,0;494,0
484,0;518,0
571,0;580,0
609,0;667,0
626,0;611,0
605,0;617,0
588,0;667,0
574,0;580,0
568,0;589,0
597,0;648,0
607,0;599,0
602,0;618,0
584,0;618,0
653,0;635,0
687,0;693,0
658,0;629,0
615,0;645,0
537,0;523,0
483,0;487,0
419,0;382,0
384,0;404,0
372,0;379,0
363,0;371,0
367,0;397,0
404,0;279,0
489,0;500,0
574,0;540,0
610,0;667,0
618,0;656,0
610,0;606,0
596,0;597,0
587,0;602,0
578,0;578,0
607,0;594,0
612,0;610,0
595,0;618,0
576,0;594,0
647,0;641,0
671,0;661,0
640,0;686,0
598,0;629,0
536,0;526,0
479,0;500,0
432,0;421,0
397,0;379,0
372,0;373,0
380,0;375,0
407,0;422,0
453,0;495,0
521,0;576,0
591,0;610,0
630,0;642,0
625,0;575,0
615,0;601,0
599,0;577,0
593,0;594,0
616,0;602,0
610,0;621,0
604,0;600,0
586,0;607,0
660,0;686,0
679,0;685,0
645,0;653,0
605,0;605,0
547,0;463,0
500,0;478,0
446,0;418,0
409,0;394,0
385,0;351,0
385,0;376,0
406,0;423,0
431,0;475,0
485,0;557,0
574,0;551,0
628,0;652,0
637,0;638,0
612,0;610,0
595,0;587,0
569,0;594,0
552,0;601,0
560,0;622,0
572,0;601,0
584,0;596,0
682,0;617,0
714,0;685,0
684,0;645,0
624,0;596,0
546,0;547,0
468,0;483,0
419,0;432,0
394,0;408,0
377,0;371,0
379,0;370,0
418,0;408,0
504,0;396,0
592,0;452,0
641,0;537,0
655,0;622,0
632,0;658,0
618,0;602,0
608,0;618,0
608,0;586,0
640,0;620,0
637,0;620,0
624,0;599,0
613,0;565,0
688,0;675,0
707,0;649,0
673,0;667,0
629,0;617,0
551,0;546,0
496,0;500,0
442,0;382,0
405,0;380,0
385,0;382,0
394,0;382,0
436,0;423,0
516,0;508,0
606,0;591,0
633,0;618,0
643,0;613,0
632,0;633,0
622,0;575,0
608,0;601,0
614,0;383,0
641,0;631,0
648,0;631,0
633,0;598,0
620,0;600,0
698,0;641,0
712,0;696,0
676,0;669,0
634,0;637,0
559,0;546,0
499,0;468,0
456,0;463,0
409,0;421,0
396,0;415,0
387,0;405,0
396,0;396,0
430,0;423,0
519,0;489,0
604,0;574,0
637,0;615,0
643,0;613,0
629,0;662,0
615,0;622,0
605,0;627,0
600,0;628,0
639,0;636,0
641,0;638,0
619,0;656,0
605,0;634,0
684,0;698,0
704,0;682,0
676,0;670,0
632,0;637,0
557,0;528,0
505,0;468,0
455,0;419,0
411,0;418,0
396,0;383,0
386,0;396,0
397,0;396,0
430,0;430,0
518,0;518,0
604,0;596,0
631,0;662,0
648,0;670,0
632,0;632,0
619,0;612,0
610,0;631,0
607,0;594,0
646,0;629,0
646,0;619,0
631,0;632,0
620,0;542,0
704,0;684,0
710,0;694,0
676,0;713,0
633,0;632,0
564,0;528,0
508,0;474,0
461,0;476,0
425,0;420,0
408,0;380,0
404,0;389,0
409,0;388,0
448,0;430,0
537,0;530,0
617,0;587,0
636,0;641,0
653,0;636,0
635,0;633,0
627,0;612,0
608,0;556,0
601,0;610,0
644,0;646,0
645,0;628,0
631,0;626,0
618,0;625,0
692,0;684,0
696,0;684,0
659,0;714,0
616,0;633,0
550,0;564,0
507,0;508,0
445,0;461,0
414,0;418,0
405,0;411,0
394,0;409,0
402,0;388,0
416,0;433,0
466,0;530,0
544,0;591,0
601,0;650,0
636,0;661,0
640,0;616,0
626,0;615,0
608,0;621,0
600,0;601,0
625,0;645,0
628,0;620,0
607,0;607,0
600,0;591,0
683,0;704,0
678,0;662,0
641,0;685,0
588,0;577,0
535,0;528,0
490,0;507,0
445,0;461,0
415,0;420,0
384,0;391,0
387,0;391,0
402,0;394,0
433,0;448,0
487,0;521,0
563,0;551,0
621,0;636,0
636,0;616,0
629,0;608,0
613,0;608,0
601,0;572,0
587,0;606,0
591,0;620,0
621,0;602,0
651,0;615,0
722,0;704,0
711,0;692,0
675,0;529,0
620,0;635,0
542,0;523,0
465,0;474,0
411,0;445,0
374,0;418,0
363,0;380,0
374,0;279,0
407,0;389,0
497,0;403,0
591,0;452,0
